Timestamp,Longitude,Latitude,U comp,V comp
2020/04/01 00:00,99.2537087,9.339609,-10.281,-23.955
2020/04/01 00:00,99.2537087,9.339609,-10.281,-23.955
2020/04/01 20:00,99.2173345,9.3034079,37.578,-8.649
2020/04/01 20:00,99.2355386,9.3034264,32.448,-7.378
2020/04/01 20:00,99.2173156,9.3214904,30.64,-10.443
2020/04/01 20:00,99.2355207,9.321509,29.275,-8.194
2020/04/01 20:00,99.2537087,9.339609,33.572,-6.804
2020/04/01 21:00,99.2537087,9.339609,33.238,-2.072
2020/04/02 22:00,99.2537087,9.339609,-5.319,-1.248
2020/04/03 01:00,99.2537087,9.339609,-27.976,-19.611
2020/04/03 17:00,99.2537087,9.339609,9.831,1.968
2020/04/03 21:00,99.2537087,9.339609,20.342,0.974
2020/04/03 22:00,99.2537087,9.339609,18.821,-3.829
2020/04/04 08:00,99.2173345,9.3034079,-7.798,14.352
2020/04/04 08:00,99.2355386,9.3034264,-7.798,14.352
2020/04/04 08:00,99.2173156,9.3214904,-7.798,14.352
2020/04/04 08:00,99.2355207,9.321509,-7.798,14.352
2020/04/04 19:00,99.2173345,9.3034079,-0.007,2.518
2020/04/04 19:00,99.2355386,9.3034264,3.503,-0.294
2020/04/04 19:00,99.2173156,9.3214904,0.383,2.87
2020/04/04 19:00,99.2355207,9.321509,4.105,-0.506
2020/04/04 19:00,99.2537087,9.339609,9.879,-3.188
2020/04/04 21:00,99.2173345,9.3034079,-2.045,-0.995
2020/04/04 21:00,99.2355386,9.3034264,-3.725,-1.263
2020/04/04 21:00,99.2173156,9.3214904,-11.08,-5.372
2020/04/04 21:00,99.2355207,9.321509,-9.097,-4.884
2020/04/04 21:00,99.2537087,9.339609,-14.776,-0.422
2020/04/04 22:00,99.2355386,9.3034264,-2.437,-2.999
2020/04/04 22:00,99.2537087,9.339609,7.243,0.007
2020/04/05 00:00,99.2173345,9.3034079,10.797,1.453
2020/04/05 00:00,99.2355386,9.3034264,15.434,-0.774
2020/04/05 00:00,99.2173156,9.3214904,10.797,1.453
2020/04/05 00:00,99.2355207,9.321509,10.533,1.832
2020/04/05 00:00,99.2537087,9.339609,10.534,1.834
2020/04/06 01:00,99.2355386,9.3034264,-13.531,1.405
2020/04/06 01:00,99.2355207,9.321509,-13.531,1.405
2020/04/06 01:00,99.2537087,9.339609,-27.215,-5.069
2020/04/06 23:00,99.2173345,9.3034079,0.181,-0.998
2020/04/06 23:00,99.2355386,9.3034264,-0.385,-0.506
2020/04/06 23:00,99.2173156,9.3214904,-0.946,-1.706
2020/04/06 23:00,99.2355207,9.321509,-0.946,-1.706
2020/04/06 23:00,99.2537087,9.339609,0.3,-2.252
2020/04/07 02:00,99.2355386,9.3034264,35.879,6.127
2020/04/07 18:00,99.2173345,9.3034079,-15.872,-12.82
2020/04/07 18:00,99.2355386,9.3034264,-16.184,-11.395
2020/04/07 18:00,99.2173156,9.3214904,-8.572,-10.582
2020/04/07 18:00,99.2355207,9.321509,-12.822,-11.087
2020/04/07 18:00,99.2537087,9.339609,-7.187,-9.61
2020/04/08 01:00,99.2173345,9.3034079,20.698,-2.617
2020/04/08 01:00,99.2355386,9.3034264,21.781,-1.858
2020/04/08 01:00,99.2355207,9.321509,20.698,-2.617
2020/04/08 02:00,99.2537087,9.339609,35.806,7.276
2020/04/08 18:00,99.2173345,9.3034079,15.431,-13.643
2020/04/08 18:00,99.2355386,9.3034264,0.078,-8.403
2020/04/08 18:00,99.2173156,9.3214904,15.431,-13.643
2020/04/08 18:00,99.2355207,9.321509,16.129,-15.098
2020/04/08 18:00,99.2537087,9.339609,16.129,-15.098
2020/04/08 20:00,99.2173345,9.3034079,6.772,-23.19
2020/04/08 20:00,99.2355386,9.3034264,9.335,-24.663
2020/04/08 20:00,99.2173156,9.3214904,4.573,-21.68
2020/04/08 20:00,99.2355207,9.321509,6.52,-23.31
2020/04/08 20:00,99.2537087,9.339609,6.361,-22.888
2020/04/08 21:00,99.2173345,9.3034079,0.636,-17.094
2020/04/08 21:00,99.2355386,9.3034264,1.457,-20.29
2020/04/08 21:00,99.2173156,9.3214904,-1.685,-18.078
2020/04/08 21:00,99.2355207,9.321509,-0.026,-20.121
2020/04/08 21:00,99.2537087,9.339609,-5.695,-20.156
2020/04/09 02:00,99.2173345,9.3034079,19.631,5.613
2020/04/09 02:00,99.2355386,9.3034264,22.221,2.94
2020/04/09 02:00,99.2173156,9.3214904,18.498,5.212
2020/04/09 02:00,99.2355207,9.321509,18.756,3.432
2020/04/09 02:00,99.2537087,9.339609,21.136,5.634
2020/04/09 17:00,99.2173345,9.3034079,32.761,-5.815
2020/04/09 17:00,99.2355386,9.3034264,31.754,-4.701
2020/04/09 17:00,99.2173156,9.3214904,29.084,-7.308
2020/04/09 17:00,99.2355207,9.321509,28.134,-5.605
2020/04/09 17:00,99.2537087,9.339609,29.084,-7.308
2020/04/09 19:00,99.2173345,9.3034079,-25.416,-7.959
2020/04/09 19:00,99.2355386,9.3034264,-5.626,-17.26
2020/04/09 19:00,99.2173156,9.3214904,-23.402,-4.983
2020/04/09 19:00,99.2355207,9.321509,-17.792,-9.168
2020/04/09 19:00,99.2537087,9.339609,-11.595,-12.825
2020/04/09 20:00,99.2173345,9.3034079,-73.418,8.862
2020/04/09 20:00,99.2355386,9.3034264,-71.663,-4.175
2020/04/09 20:00,99.2173156,9.3214904,-73.418,8.862
2020/04/09 20:00,99.2355207,9.321509,-73.418,8.862
2020/04/09 20:00,99.2537087,9.339609,-64.529,2.794
2020/04/10 02:00,99.2537087,9.339609,-21.674,25.589
2020/04/10 06:00,99.2537087,9.339609,24.158,-3.749
2020/04/10 20:00,99.2355386,9.3034264,-15.799,-20.585
2020/04/11 18:00,99.2537087,9.339609,46.022,-2.781
2020/04/11 19:00,99.2173345,9.3034079,30.933,-14.855
2020/04/11 19:00,99.2355386,9.3034264,28.183,-13.212
2020/04/11 19:00,99.2173156,9.3214904,30.608,-13.602
2020/04/11 19:00,99.2355207,9.321509,28.91,-12.773
2020/04/11 19:00,99.2537087,9.339609,25.622,-10.054
2020/04/12 23:00,99.2537087,9.339609,-18.442,-18.185
2020/04/13 17:00,99.2173345,9.3034079,29.19,1.444
2020/04/13 17:00,99.2355386,9.3034264,27.171,2.553
2020/04/13 17:00,99.2355207,9.321509,30.289,1.737
2020/04/13 18:00,99.2173345,9.3034079,22.197,0.629
2020/04/13 18:00,99.2355386,9.3034264,20.022,2.046
2020/04/13 18:00,99.2355207,9.321509,20.88,1.875
2020/04/13 18:00,99.2537087,9.339609,13.242,5.073
2020/04/13 20:00,99.2173345,9.3034079,35.015,-3.314
2020/04/13 20:00,99.2355386,9.3034264,37.317,-5.138
2020/04/13 20:00,99.2173156,9.3214904,36.043,-2.688
2020/04/13 20:00,99.2355207,9.321509,36.043,-2.688
2020/04/13 20:00,99.2537087,9.339609,27.688,-3.721
2020/04/13 21:00,99.2355386,9.3034264,-13.419,-2.904
2020/04/13 22:00,99.2173345,9.3034079,-61.177,-1.976
2020/04/13 22:00,99.2355386,9.3034264,-55.723,-9.489
2020/04/13 22:00,99.2173156,9.3214904,-55.681,7.22
2020/04/13 22:00,99.2355207,9.321509,-54.642,-7.931
2020/04/13 22:00,99.2537087,9.339609,-45.007,-10.164
2020/04/14 02:00,99.2173345,9.3034079,10.971,-25.074
2020/04/14 02:00,99.2355386,9.3034264,18.606,-28.242
2020/04/14 02:00,99.2173156,9.3214904,12.484,-22.935
2020/04/14 02:00,99.2355207,9.321509,16.65,-25.559
2020/04/14 02:00,99.2537087,9.339609,23.86,-25.096
2020/04/14 04:00,99.2173345,9.3034079,-14.398,-7.308
2020/04/14 04:00,99.2355386,9.3034264,-12.146,-10.592
2020/04/14 04:00,99.2173156,9.3214904,-31.999,4.112
2020/04/14 04:00,99.2355207,9.321509,-10.204,-9.599
2020/04/14 04:00,99.2537087,9.339609,-7.37,-9.085
2020/04/14 05:00,99.2173345,9.3034079,-20.872,-1.883
2020/04/14 05:00,99.2355386,9.3034264,-17.548,-6.547
2020/04/14 05:00,99.2173156,9.3214904,-17.91,0.235
2020/04/14 05:00,99.2355207,9.321509,-13.887,-4.078
2020/04/14 05:00,99.2537087,9.339609,-5.514,-6.493
2020/04/14 06:00,99.2537087,9.339609,16.743,-11.768
2020/04/14 07:00,99.2173345,9.3034079,21.904,-18.771
2020/04/14 07:00,99.2355386,9.3034264,24.679,-18.972
2020/04/14 07:00,99.2173156,9.3214904,23.064,-13.423
2020/04/14 07:00,99.2355207,9.321509,27.386,-17.46
2020/04/14 07:00,99.2537087,9.339609,25.039,-9.83
2020/04/14 08:00,99.2173345,9.3034079,1.685,-10.97
2020/04/14 08:00,99.2355386,9.3034264,7.164,-10.952
2020/04/14 08:00,99.2355207,9.321509,4.653,-8.278
2020/04/14 08:00,99.2537087,9.339609,11.93,-4.958
2020/04/14 09:00,99.2537087,9.339609,20.526,-10.311
2020/04/14 17:00,99.2537087,9.339609,24.809,7.636
2020/04/14 18:00,99.2173345,9.3034079,17.56,9.323
2020/04/14 18:00,99.2355386,9.3034264,17.639,8.178
2020/04/14 18:00,99.2173156,9.3214904,17.56,9.323
2020/04/14 18:00,99.2355207,9.321509,17.56,9.323
2020/04/14 18:00,99.2537087,9.339609,17.56,9.323
2020/04/14 19:00,99.2173345,9.3034079,11.536,6.288
2020/04/14 19:00,99.2355386,9.3034264,11.536,6.288
2020/04/14 19:00,99.2173156,9.3214904,12.972,9.04
2020/04/14 19:00,99.2355207,9.321509,11.536,6.288
2020/04/14 19:00,99.2537087,9.339609,15.247,8.48
2020/04/14 20:00,99.2173345,9.3034079,18.872,-3.342
2020/04/14 20:00,99.2355386,9.3034264,20.702,-4.169
2020/04/14 20:00,99.2173156,9.3214904,22.592,-3.018
2020/04/14 20:00,99.2355207,9.321509,20.128,-2.926
2020/04/14 20:00,99.2537087,9.339609,19.952,-4.512
2020/04/14 21:00,99.2173345,9.3034079,-11.858,-1.984
2020/04/14 21:00,99.2355386,9.3034264,-8.747,-5.341
2020/04/14 21:00,99.2173156,9.3214904,-11.858,-1.984
2020/04/14 21:00,99.2355207,9.321509,-11.858,-1.984
2020/04/14 21:00,99.2537087,9.339609,-14.374,-4.694
2020/04/15 03:00,99.2173345,9.3034079,-60.832,-14.472
2020/04/15 03:00,99.2355386,9.3034264,-60.832,-14.472
2020/04/15 03:00,99.2173156,9.3214904,-60.832,-14.472
2020/04/15 03:00,99.2355207,9.321509,-60.832,-14.472
2020/04/15 03:00,99.2537087,9.339609,-60.832,-14.472
2020/04/15 04:00,99.2173345,9.3034079,-72.037,-2.932
2020/04/15 04:00,99.2355386,9.3034264,-66.599,-5.091
2020/04/15 04:00,99.2173156,9.3214904,-66.834,-2.601
2020/04/15 04:00,99.2355207,9.321509,-68.322,-1.938
2020/04/15 05:00,99.2173345,9.3034079,-73.566,-19.399
2020/04/15 05:00,99.2355386,9.3034264,-66.807,-21.084
2020/04/15 05:00,99.2173156,9.3214904,-73.566,-19.399
2020/04/15 05:00,99.2355207,9.321509,-73.566,-19.399
2020/04/15 05:00,99.2537087,9.339609,-81.383,-17.982
2020/04/15 15:00,99.2173345,9.3034079,10.09,-3.751
2020/04/15 15:00,99.2355386,9.3034264,11.195,-5.327
2020/04/15 15:00,99.2173156,9.3214904,9.623,-3.914
2020/04/15 15:00,99.2355207,9.321509,12.786,-6.239
2020/04/15 15:00,99.2537087,9.339609,6.086,-3.701
2020/04/16 07:00,99.2355386,9.3034264,-18.871,14.624
2020/04/16 09:00,99.2537087,9.339609,-13.844,2.46
2020/04/16 11:00,99.2173345,9.3034079,14.743,-5.157
2020/04/16 11:00,99.2355386,9.3034264,11.075,-5.723
2020/04/16 11:00,99.2355207,9.321509,9.486,-6.621
2020/04/16 17:00,99.2173345,9.3034079,3.845,1.604
2020/04/16 17:00,99.2355386,9.3034264,5.194,2.282
2020/04/16 17:00,99.2355207,9.321509,5.194,2.282
2020/04/16 19:00,99.2355386,9.3034264,10.448,9.486
2020/04/16 20:00,99.2355386,9.3034264,16.368,5.332
2020/04/16 22:00,99.2173345,9.3034079,22.236,-0.355
2020/04/16 22:00,99.2355386,9.3034264,22.899,2.822
2020/04/16 22:00,99.2355207,9.321509,17.775,3.438
2020/04/17 13:00,99.2537087,9.339609,-5.302,5.054
2020/04/18 02:00,99.2537087,9.339609,5.773,3.578
2020/04/19 00:00,99.2537087,9.339609,6.775,6.378
2020/04/20 06:00,99.2355386,9.3034264,2.851,4.533
2020/04/20 18:00,99.2355386,9.3034264,-37.956,-3.71
2020/04/20 18:00,99.2173156,9.3214904,-59.489,8.456
2020/04/20 18:00,99.2355207,9.321509,-37.956,-3.71
2020/04/20 18:00,99.2537087,9.339609,-47.256,-6.513
2020/04/20 22:00,99.2173345,9.3034079,-8.947,-2.519
2020/04/20 22:00,99.2355386,9.3034264,-9.064,-3.15
2020/04/20 22:00,99.2173156,9.3214904,-5.702,-1.77
2020/04/20 22:00,99.2355207,9.321509,-6.748,-5.034
2020/04/20 22:00,99.2537087,9.339609,-36.227,-8.817
2020/04/21 16:00,99.2355386,9.3034264,6.062,-1.712
2020/04/21 21:00,99.2173345,9.3034079,-25.047,-4.519
2020/04/21 21:00,99.2355386,9.3034264,-18.602,-11.946
2020/04/21 21:00,99.2173156,9.3214904,-25.468,-4.665
2020/04/21 21:00,99.2355207,9.321509,-17.863,-12.345
2020/04/21 21:00,99.2537087,9.339609,-23.148,-12.285
2020/04/21 22:00,99.2173345,9.3034079,-21.855,-7.1
2020/04/21 22:00,99.2355386,9.3034264,-21.796,-8.331
2020/04/21 22:00,99.2173156,9.3214904,-22.901,-5.69
2020/04/21 22:00,99.2355207,9.321509,-21.793,-8.01
2020/04/21 22:00,99.2537087,9.339609,-21.787,-7.408
2020/04/23 22:00,99.2173345,9.3034079,-21.421,-13.853
2020/04/23 22:00,99.2355386,9.3034264,-21.421,-13.853
2020/04/23 22:00,99.2355207,9.321509,-21.421,-13.853
2020/04/24 05:00,99.2355386,9.3034264,-37.656,6.387
2020/04/24 15:00,99.2173345,9.3034079,36.477,-5.747
2020/04/24 15:00,99.2355386,9.3034264,25.593,-0.886
2020/04/24 15:00,99.2173156,9.3214904,36.477,-5.747
2020/04/24 15:00,99.2355207,9.321509,36.477,-5.747
2020/04/24 15:00,99.2537087,9.339609,36.144,-4.558
2020/04/24 22:00,99.2355386,9.3034264,-22.332,-17.457
2020/04/24 22:00,99.2355207,9.321509,-22.332,-17.457
2020/04/24 22:00,99.2537087,9.339609,-22.332,-17.457
2020/04/25 10:00,99.2355386,9.3034264,-2.96,-0.448
2020/04/26 14:00,99.2355386,9.3034264,32.548,1.634
2020/04/26 15:00,99.2173345,9.3034079,30.761,9.753
2020/04/26 15:00,99.2355386,9.3034264,33.475,10.295
2020/04/26 15:00,99.2173156,9.3214904,32.472,13.95
2020/04/26 15:00,99.2355207,9.321509,32.472,13.95
2020/04/26 15:00,99.2537087,9.339609,32.472,13.95
2020/04/26 16:00,99.2173345,9.3034079,42.152,-8.609
2020/04/26 16:00,99.2355386,9.3034264,44.351,-4.574
2020/04/26 16:00,99.2173156,9.3214904,45.17,-6.345
2020/04/26 16:00,99.2355207,9.321509,41.415,-1.602
2020/04/26 16:00,99.2537087,9.339609,48.302,-5.409
2020/04/26 19:00,99.2173345,9.3034079,9.35,-5.614
2020/04/26 19:00,99.2355386,9.3034264,11.893,-6.108
2020/04/26 19:00,99.2173156,9.3214904,12.773,-5.374
2020/04/26 19:00,99.2355207,9.321509,14.405,-6.844
2020/04/26 19:00,99.2537087,9.339609,24.521,-11.258
2020/04/26 20:00,99.2173345,9.3034079,-8.019,-13.172
2020/04/26 20:00,99.2355386,9.3034264,-12.77,-17.749
2020/04/26 20:00,99.2173156,9.3214904,-8.019,-13.172
2020/04/26 20:00,99.2355207,9.321509,-12.023,-16.583
2020/04/26 20:00,99.2537087,9.339609,-12.023,-16.583
2020/04/28 19:00,99.2173345,9.3034079,11.565,-0.53
2020/04/28 19:00,99.2355386,9.3034264,15.663,-1.208
2020/04/28 19:00,99.2173156,9.3214904,10.904,3.454
2020/04/28 19:00,99.2355207,9.321509,14.868,0.498
2020/04/28 19:00,99.2537087,9.339609,11.347,4.353
2020/04/28 22:00,99.2355386,9.3034264,-38.907,-20.303
2020/04/29 08:00,99.2355386,9.3034264,87.639,12.988
2020/04/29 16:00,99.2173345,9.3034079,-11.274,3.992
2020/04/29 16:00,99.2355386,9.3034264,-10.898,3.726
2020/04/29 16:00,99.2355207,9.321509,-10.159,3.984
2020/08/02 23:00,99.2537087,9.339609,-2.504,-11.176
2020/08/03 15:00,99.2355386,9.3034264,9.802,-8.228
2020/08/03 15:00,99.2537087,9.339609,-69.315,-29.172
2020/08/03 16:00,99.2537087,9.339609,2.146,-2.215
2020/08/04 16:00,99.2355207,9.321509,-10.773,-15.316
2020/08/05 21:00,99.2537087,9.339609,89.669,6.995
2020/08/05 22:00,99.2537087,9.339609,14.043,-5.798
2020/08/08 18:00,99.2355386,9.3034264,-11.423,-7.013
2020/08/08 18:00,99.2355207,9.321509,-11.423,-7.013
2020/08/11 06:00,99.2355386,9.3034264,-28.428,-2.187
2020/08/11 06:00,99.2173156,9.3214904,-28.428,-2.187
2020/08/11 06:00,99.2355207,9.321509,-28.428,-2.187
2020/08/11 06:00,99.2537087,9.339609,-28.428,-2.187
2020/08/11 18:00,99.2355386,9.3034264,-0.064,-1.223
2020/08/12 03:00,99.2355386,9.3034264,-20.487,-6.088
2020/08/12 03:00,99.2355207,9.321509,-20.487,-6.088
2020/08/12 03:00,99.2537087,9.339609,-20.487,-6.088
2020/08/13 09:00,99.2173345,9.3034079,11.95,0.194
2020/08/13 09:00,99.2355386,9.3034264,11.95,0.194
2020/08/13 09:00,99.2355207,9.321509,11.95,0.194
2020/08/20 23:00,99.2355386,9.3034264,-30.128,-20.693
2020/08/20 23:00,99.2355207,9.321509,-30.128,-20.693
2020/08/22 19:00,99.2173345,9.3034079,27.529,-9.583
2020/08/22 19:00,99.2355386,9.3034264,27.529,-9.583
2020/08/22 19:00,99.2355207,9.321509,27.529,-9.583
2020/08/22 20:00,99.2355386,9.3034264,-3.712,-15.346
2020/08/22 20:00,99.2355207,9.321509,-3.712,-15.346
2020/08/22 20:00,99.2537087,9.339609,-3.712,-15.346
2020/08/22 21:00,99.2355386,9.3034264,40.004,-18.992
2020/08/22 21:00,99.2355207,9.321509,40.004,-18.992
2020/08/22 21:00,99.2537087,9.339609,52.657,-6.512
2020/08/23 21:00,99.2355386,9.3034264,-22.28,-14.954
2020/08/24 22:00,99.2537087,9.339609,36.988,-4.186
2020/08/24 23:00,99.2173345,9.3034079,18.765,-8.951
2020/08/24 23:00,99.2355386,9.3034264,19.677,-8.621
2020/08/24 23:00,99.2173156,9.3214904,18.765,-8.951
2020/08/24 23:00,99.2355207,9.321509,19.677,-8.621
2020/08/24 23:00,99.2537087,9.339609,10.971,-2.921
2020/12/01 21:00,99.2173345,9.3034079,-56.899,15.391
2020/12/01 21:00,99.2355386,9.3034264,-56.899,15.391
2020/12/01 22:00,99.2537087,9.339609,22.779,12.118
2020/12/02 23:00,99.2537087,9.339609,40.808,31.351
2020/12/04 21:00,99.2173345,9.3034079,36.148,27.212
2020/12/04 21:00,99.2355386,9.3034264,44.557,23.468
2020/12/04 21:00,99.2173156,9.3214904,36.148,27.212
2020/12/04 21:00,99.2355207,9.321509,36.148,27.212
2020/12/04 21:00,99.2537087,9.339609,20.04,32.016
2020/12/05 18:00,99.2537087,9.339609,19.925,7.271
2020/12/05 19:00,99.2355386,9.3034264,46.233,15.464
2020/12/05 19:00,99.2355207,9.321509,36.612,11.622
2020/12/05 19:00,99.2537087,9.339609,49.743,15.889
2020/12/05 21:00,99.2537087,9.339609,15.368,12.867
2020/12/05 22:00,99.2173345,9.3034079,-36.292,15.442
2020/12/05 22:00,99.2355386,9.3034264,-38.274,20.501
2020/12/05 22:00,99.2355207,9.321509,-29.672,14.5
2020/12/05 22:00,99.2537087,9.339609,-2.122,7.894
2020/12/05 23:00,99.2537087,9.339609,33.287,7.108
2020/12/06 20:00,99.2355386,9.3034264,16.733,4.715
2020/12/06 20:00,99.2173156,9.3214904,15.86,10.749
2020/12/06 20:00,99.2355207,9.321509,15.86,10.749
2020/12/06 20:00,99.2537087,9.339609,26.365,8.11
2020/12/06 21:00,99.2537087,9.339609,0.485,0.829
2020/12/06 23:00,99.2173345,9.3034079,-1.823,3.784
2020/12/06 23:00,99.2355386,9.3034264,-2.485,3.953
2020/12/06 23:00,99.2355207,9.321509,-3.963,4.741
2020/12/06 23:00,99.2537087,9.339609,-7.635,5.57
2020/12/07 17:00,99.2173345,9.3034079,7.922,6.118
2020/12/07 17:00,99.2355386,9.3034264,7.923,8.694
2020/12/07 17:00,99.2173156,9.3214904,7.921,4.797
2020/12/07 17:00,99.2355207,9.321509,7.923,8.694
2020/12/07 17:00,99.2537087,9.339609,1.997,11.697
2020/12/08 19:00,99.2355207,9.321509,-6.544,7.092
2020/12/08 19:00,99.2537087,9.339609,1.119,4.326
2020/12/08 21:00,99.2173345,9.3034079,-20.488,-1.561
2020/12/08 21:00,99.2355386,9.3034264,-20.488,-1.561
2020/12/08 21:00,99.2355207,9.321509,-20.488,-1.561
2020/12/08 21:00,99.2537087,9.339609,-27.815,-1.271
2020/12/08 22:00,99.2355386,9.3034264,-14.571,3.428
2020/12/09 18:00,99.2173345,9.3034079,28.861,21.907
2020/12/09 18:00,99.2355386,9.3034264,29.699,21.698
2020/12/09 18:00,99.2355207,9.321509,10.648,14.029
2020/12/09 18:00,99.2537087,9.339609,15.653,-0.747
2020/12/10 02:00,99.2173345,9.3034079,-28.326,-8.746
2020/12/10 02:00,99.2355386,9.3034264,-29.863,-5.43
2020/12/10 02:00,99.2355207,9.321509,-29.045,-8.173
2020/12/10 03:00,99.2355386,9.3034264,9.556,-6.246
2020/12/10 20:00,99.2537087,9.339609,-37.504,-5.228
2020/12/10 23:00,99.2355386,9.3034264,-23.037,3.272
2020/12/11 05:00,99.2355386,9.3034264,-51.015,-7.979
2020/12/11 05:00,99.2355207,9.321509,-35.037,-1.598
2020/12/11 05:00,99.2537087,9.339609,-35.037,-1.598
2020/12/11 23:00,99.2355386,9.3034264,-2.843,-2.079
2020/12/13 05:00,99.2537087,9.339609,-45.778,-19.357
2020/12/18 19:00,99.2173345,9.3034079,-47.835,4.804
2020/12/18 19:00,99.2355386,9.3034264,-48.622,5.075
2020/12/20 18:00,99.2355207,9.321509,-30.041,7.555
2020/12/20 18:00,99.2537087,9.339609,-31.998,7.583
2020/12/20 19:00,99.2537087,9.339609,18.699,6.726
2020/12/20 21:00,99.2355386,9.3034264,23.948,0.849
2020/12/21 12:00,99.2537087,9.339609,-19.879,5.015
2020/12/21 13:00,99.2537087,9.339609,-81.663,-18.492
2020/12/21 16:00,99.2355386,9.3034264,1.374,13.146
2020/12/21 18:00,99.2537087,9.339609,74.227,2.621
2020/12/21 20:00,99.2355386,9.3034264,45.894,-10.686
2020/12/21 22:00,99.2537087,9.339609,23.327,-4.019
2020/12/22 16:00,99.2537087,9.339609,-11.074,8.412
2020/12/22 18:00,99.2355386,9.3034264,-70.438,7.135
2020/12/22 18:00,99.2537087,9.339609,-17.598,-1.234
2020/12/23 05:00,99.2537087,9.339609,-33.429,12.644
2020/12/24 04:00,99.2537087,9.339609,-33.293,-17.499
2020/12/24 07:00,99.2537087,9.339609,14.179,5.688
2020/12/25 09:00,99.2173345,9.3034079,-6.149,8.694
2020/12/25 09:00,99.2355386,9.3034264,-6.149,8.694
2020/12/25 09:00,99.2173156,9.3214904,-6.149,8.694
2020/12/25 09:00,99.2355207,9.321509,-6.149,8.694
2020/12/25 09:00,99.2537087,9.339609,13.156,1.691
2020/12/25 18:00,99.2537087,9.339609,-44.871,4.878
2020/12/26 21:00,99.2173345,9.3034079,-86.245,11.031
2020/12/26 21:00,99.2355386,9.3034264,-68.363,14.435
2020/12/26 21:00,99.2173156,9.3214904,-69.01,13.788
2020/12/26 21:00,99.2355207,9.321509,-68.363,14.435
2020/12/26 21:00,99.2537087,9.339609,-53.246,2.229
2020/12/26 22:00,99.2537087,9.339609,-21.355,-9.147
2020/12/27 12:00,99.2173345,9.3034079,30.166,-29.559
2020/12/27 12:00,99.2355386,9.3034264,16.737,-29.741
2020/12/27 12:00,99.2173156,9.3214904,8.262,-35.072
2020/12/27 12:00,99.2355207,9.321509,14.84,-30.032
2020/12/27 12:00,99.2537087,9.339609,10.378,-31.952
2020/12/28 16:00,99.2173345,9.3034079,13.778,-7.233
2020/12/28 16:00,99.2355386,9.3034264,20.513,-2.511
2020/12/28 16:00,99.2173156,9.3214904,13.778,-7.233
2020/12/28 16:00,99.2355207,9.321509,14.099,-6.035
2020/12/28 16:00,99.2537087,9.339609,9.975,-3.357
2020/12/29 05:00,99.2355386,9.3034264,-13.89,5.701
2020/12/29 14:00,99.2537087,9.339609,-75.701,-8.734
2020/12/31 16:00,99.2173345,9.3034079,-46.854,19.58
2020/12/31 16:00,99.2355386,9.3034264,-33.712,14.568
2020/12/31 16:00,99.2173156,9.3214904,-46.85,28.08
2020/12/31 16:00,99.2355207,9.321509,-43.676,15.576
2020/12/31 16:00,99.2537087,9.339609,-42.021,18.809
2020/12/31 18:00,99.2537087,9.339609,-38.324,-9.205
2020/12/31 19:00,99.2173345,9.3034079,-16.761,9.036
2020/12/31 19:00,99.2355386,9.3034264,-14.987,2.375
2020/12/31 19:00,99.2355207,9.321509,-54.198,0.393
2020/02/01 05:00,99.2537087,9.339609,40.202,-10.731
2020/02/01 06:00,99.2173345,9.3034079,32.33,-9.059
2020/02/01 06:00,99.2355386,9.3034264,35.976,-11.45
2020/02/01 06:00,99.2355207,9.321509,35.956,-10.576
2020/02/01 22:00,99.2173345,9.3034079,5.909,-10.823
2020/02/01 22:00,99.2355386,9.3034264,15.61,-12.898
2020/02/01 22:00,99.2173156,9.3214904,14.848,-7.829
2020/02/01 22:00,99.2355207,9.321509,14.72,-9.926
2020/02/01 22:00,99.2537087,9.339609,20.906,-14.452
2020/02/01 23:00,99.2173345,9.3034079,15.853,-14.769
2020/02/01 23:00,99.2355386,9.3034264,21.895,-17.764
2020/02/01 23:00,99.2173156,9.3214904,14.996,-13.14
2020/02/01 23:00,99.2355207,9.321509,24.961,-19.709
2020/02/01 23:00,99.2537087,9.339609,24.082,-19.122
2020/02/02 01:00,99.2173345,9.3034079,15.463,-13.967
2020/02/02 01:00,99.2355386,9.3034264,16.506,-14.518
2020/02/02 01:00,99.2173156,9.3214904,15.254,-13.643
2020/02/02 01:00,99.2355207,9.321509,15.224,-13.61
2020/02/02 01:00,99.2537087,9.339609,15.254,-13.643
2020/02/02 04:00,99.2537087,9.339609,21.518,-1.983
2020/02/03 00:00,99.2173345,9.3034079,1.743,-10.767
2020/02/03 00:00,99.2355386,9.3034264,0.252,-11.02
2020/02/03 00:00,99.2173156,9.3214904,0.282,-11.583
2020/02/03 00:00,99.2355207,9.321509,-0.073,-10.827
2020/02/03 00:00,99.2537087,9.339609,-0.253,-10.863
2020/02/03 19:00,99.2173345,9.3034079,25.66,-4.187
2020/02/03 19:00,99.2355386,9.3034264,30.988,-7.334
2020/02/03 19:00,99.2173156,9.3214904,24.978,-3.444
2020/02/03 19:00,99.2355207,9.321509,24.522,-3.885
2020/02/03 19:00,99.2537087,9.339609,25.086,-2.798
2020/02/03 23:00,99.2173345,9.3034079,-20.95,0.552
2020/02/03 23:00,99.2355386,9.3034264,-12.85,-3.534
2020/02/03 23:00,99.2173156,9.3214904,-19.864,0.587
2020/02/03 23:00,99.2355207,9.321509,-14.829,-2.29
2020/02/03 23:00,99.2537087,9.339609,-15.462,-2.806
2020/02/04 00:00,99.2355386,9.3034264,-0.957,-7.569
2020/02/04 00:00,99.2173156,9.3214904,-4.058,-2.073
2020/02/04 00:00,99.2355207,9.321509,-3.375,-5.752
2020/02/04 00:00,99.2537087,9.339609,-14.933,-4.44
2020/02/04 17:00,99.2355386,9.3034264,15.419,-0.002
2020/02/04 18:00,99.2173345,9.3034079,5.55,5.658
2020/02/04 18:00,99.2355386,9.3034264,5.399,2.35
2020/02/04 18:00,99.2173156,9.3214904,5.55,5.658
2020/02/04 18:00,99.2355207,9.321509,5.593,6.601
2020/02/04 18:00,99.2537087,9.339609,-3.443,7.708
2020/02/04 19:00,99.2173345,9.3034079,19.755,7.429
2020/02/04 19:00,99.2355386,9.3034264,17.236,2.776
2020/02/04 19:00,99.2355207,9.321509,18.885,0.634
2020/02/04 22:00,99.2355386,9.3034264,13.319,-6.131
2020/02/05 05:00,99.2173345,9.3034079,3.871,-10.368
2020/02/05 05:00,99.2355386,9.3034264,7.599,-11.975
2020/02/05 05:00,99.2173156,9.3214904,4.635,-6.4
2020/02/05 05:00,99.2355207,9.321509,7.305,-9.155
2020/02/05 05:00,99.2537087,9.339609,10.338,-11.157
2020/02/05 15:00,99.2173345,9.3034079,-46.769,6.675
2020/02/05 15:00,99.2355386,9.3034264,-51.519,3.423
2020/02/05 15:00,99.2173156,9.3214904,-51.476,10.026
2020/02/05 15:00,99.2355207,9.321509,-38.334,0.045
2020/02/05 15:00,99.2537087,9.339609,-47.86,7.103
2020/02/05 18:00,99.2173345,9.3034079,22.332,-3.101
2020/02/05 18:00,99.2355386,9.3034264,28.437,-6.832
2020/02/05 18:00,99.2173156,9.3214904,22.332,-3.101
2020/02/05 18:00,99.2355207,9.321509,27.449,-6.573
2020/02/05 18:00,99.2537087,9.339609,32.601,-10.487
2020/02/05 20:00,99.2173345,9.3034079,-4.863,11.446
2020/02/05 20:00,99.2355386,9.3034264,4.578,5.908
2020/02/05 20:00,99.2173156,9.3214904,-10.601,19.095
2020/02/05 20:00,99.2355207,9.321509,3.07,9.152
2020/02/05 20:00,99.2537087,9.339609,10.836,1.971
2020/02/05 21:00,99.2173345,9.3034079,14.825,0.604
2020/02/05 21:00,99.2355386,9.3034264,15.221,-1.071
2020/02/05 21:00,99.2173156,9.3214904,11.085,2.479
2020/02/05 21:00,99.2355207,9.321509,15.221,-1.071
2020/02/05 21:00,99.2537087,9.339609,14.062,-0.592
2020/02/05 22:00,99.2355386,9.3034264,-22.347,-3.599
2020/02/05 22:00,99.2355207,9.321509,-30.207,-3.049
2020/02/05 22:00,99.2537087,9.339609,-37.731,-2.523
2020/02/06 01:00,99.2173345,9.3034079,10.737,0.092
2020/02/06 01:00,99.2355386,9.3034264,11.69,1.344
2020/02/06 01:00,99.2173156,9.3214904,11.605,1.626
2020/02/06 01:00,99.2355207,9.321509,11.605,1.626
2020/02/06 01:00,99.2537087,9.339609,20.946,-4.431
2020/02/06 02:00,99.2537087,9.339609,15.445,-0.319
2020/02/06 13:00,99.2173345,9.3034079,-30.383,11.552
2020/02/06 13:00,99.2355386,9.3034264,-30.383,11.552
2020/02/06 13:00,99.2173156,9.3214904,-30.383,11.552
2020/02/06 13:00,99.2355207,9.321509,-30.383,11.552
2020/02/06 19:00,99.2173345,9.3034079,8.517,3.896
2020/02/06 19:00,99.2355386,9.3034264,11.693,1.138
2020/02/06 19:00,99.2173156,9.3214904,8.342,4.587
2020/02/06 19:00,99.2355207,9.321509,8.517,3.896
2020/02/06 19:00,99.2537087,9.339609,13.638,3.354
2020/02/06 21:00,99.2355386,9.3034264,12.301,-0.111
2020/02/06 22:00,99.2173345,9.3034079,6.302,7.471
2020/02/06 22:00,99.2355386,9.3034264,1.83,5.088
2020/02/06 22:00,99.2173156,9.3214904,-0.291,6.655
2020/02/06 22:00,99.2355207,9.321509,1.08,5.544
2020/02/06 22:00,99.2537087,9.339609,-8.795,6.272
2020/02/06 23:00,99.2173345,9.3034079,1.972,7.395
2020/02/06 23:00,99.2355386,9.3034264,0.503,8.412
2020/02/06 23:00,99.2173156,9.3214904,1.401,8.016
2020/02/06 23:00,99.2355207,9.321509,1.401,8.016
2020/02/06 23:00,99.2537087,9.339609,1.075,7.527
2020/02/08 01:00,99.2537087,9.339609,9.57,13.472
2020/02/08 16:00,99.2173345,9.3034079,27.208,-11.194
2020/02/08 16:00,99.2355386,9.3034264,31.078,-11.691
2020/02/08 16:00,99.2173156,9.3214904,26.847,-9.031
2020/02/08 16:00,99.2355207,9.321509,24.083,-7.068
2020/02/08 16:00,99.2537087,9.339609,23.731,-7.651
2020/02/08 22:00,99.2173345,9.3034079,-9.653,7.356
2020/02/08 22:00,99.2355386,9.3034264,-9.021,7.748
2020/02/08 22:00,99.2173156,9.3214904,-17.263,4.694
2020/02/08 22:00,99.2355207,9.321509,-13.614,6.522
2020/02/08 22:00,99.2537087,9.339609,-13.852,6.403
2020/02/08 23:00,99.2173345,9.3034079,16.138,10.027
2020/02/08 23:00,99.2355386,9.3034264,16.138,10.027
2020/02/08 23:00,99.2355207,9.321509,16.138,10.027
2020/02/09 01:00,99.2173345,9.3034079,-27.672,15.889
2020/02/09 01:00,99.2355386,9.3034264,-27.672,15.889
2020/02/09 01:00,99.2355207,9.321509,-27.672,15.889
2020/02/09 06:00,99.2173345,9.3034079,14.363,-6.345
2020/02/09 06:00,99.2355386,9.3034264,14.363,-6.345
2020/02/09 06:00,99.2355207,9.321509,14.363,-6.345
2020/02/09 08:00,99.2355386,9.3034264,-40.164,-6.858
2020/02/09 08:00,99.2355207,9.321509,-40.164,-6.858
2020/02/09 10:00,99.2173345,9.3034079,-21.365,1.105
2020/02/09 10:00,99.2355386,9.3034264,-21.365,1.105
2020/02/09 10:00,99.2173156,9.3214904,-21.365,1.105
2020/02/09 10:00,99.2355207,9.321509,-21.365,1.105
2020/02/09 10:00,99.2537087,9.339609,-20.708,0.73
2020/02/09 11:00,99.2173345,9.3034079,-58.335,-3.166
2020/02/09 11:00,99.2355386,9.3034264,-58.335,-3.166
2020/02/09 11:00,99.2355207,9.321509,-58.335,-3.166
2020/02/09 11:00,99.2537087,9.339609,-37.834,-12.293
2020/02/09 16:00,99.2173345,9.3034079,-14.238,10.75
2020/02/09 16:00,99.2355386,9.3034264,-8.644,8.069
2020/02/09 16:00,99.2173156,9.3214904,-14.092,10.801
2020/02/09 16:00,99.2355207,9.321509,-14.092,10.801
2020/02/09 16:00,99.2537087,9.339609,1.576,8.963
2020/02/09 18:00,99.2537087,9.339609,18.766,7.592
2020/02/09 23:00,99.2173345,9.3034079,-17.884,5.382
2020/02/09 23:00,99.2355386,9.3034264,-17.884,5.382
2020/02/09 23:00,99.2355207,9.321509,-17.884,5.382
2020/02/10 01:00,99.2173345,9.3034079,6.3,2.606
2020/02/10 01:00,99.2355386,9.3034264,1.287,6.319
2020/02/10 01:00,99.2355207,9.321509,6.246,2.597
2020/02/10 12:00,99.2537087,9.339609,-51.567,-23.173
2020/02/10 17:00,99.2537087,9.339609,49.115,14.612
2020/02/10 23:00,99.2537087,9.339609,31.02,11.316
2020/02/11 00:00,99.2173345,9.3034079,26.426,2.038
2020/02/11 00:00,99.2355386,9.3034264,29.323,1.69
2020/02/11 00:00,99.2173156,9.3214904,27.138,2.128
2020/02/11 00:00,99.2355207,9.321509,28.747,1.366
2020/02/11 00:00,99.2537087,9.339609,21.738,3.638
2020/02/11 01:00,99.2173345,9.3034079,-8.24,7.005
2020/02/11 01:00,99.2355386,9.3034264,-7.26,8.977
2020/02/11 01:00,99.2173156,9.3214904,0.071,8.924
2020/02/11 01:00,99.2355207,9.321509,-5.881,8.302
2020/02/11 01:00,99.2537087,9.339609,-1.329,10.741
2020/02/11 08:00,99.2173345,9.3034079,5.33,-16.377
2020/02/11 08:00,99.2355386,9.3034264,14.985,-23.502
2020/02/11 08:00,99.2173156,9.3214904,5.874,-13.406
2020/02/11 08:00,99.2355207,9.321509,11.776,-18.99
2020/02/11 08:00,99.2537087,9.339609,4.9,-10.264
2020/02/11 09:00,99.2173345,9.3034079,3.563,-19.095
2020/02/11 09:00,99.2355386,9.3034264,16.203,-27.481
2020/02/11 09:00,99.2173156,9.3214904,4.176,-18.275
2020/02/11 09:00,99.2355207,9.321509,16.13,-27.521
2020/02/11 09:00,99.2537087,9.339609,2.376,-20.042
2020/02/11 10:00,99.2173345,9.3034079,23.744,-12.4
2020/02/11 10:00,99.2355386,9.3034264,36.162,-23.189
2020/02/11 10:00,99.2173156,9.3214904,25.42,-10.583
2020/02/11 10:00,99.2355207,9.321509,30.947,-25.307
2020/02/11 10:00,99.2537087,9.339609,35.907,-25.585
2020/02/11 14:00,99.2537087,9.339609,-0.198,-11.203
2020/02/11 15:00,99.2537087,9.339609,9.466,-13.575
2020/02/11 18:00,99.2537087,9.339609,-5.97,-6.708
2020/02/11 19:00,99.2173345,9.3034079,1.442,-14.911
2020/02/11 19:00,99.2355386,9.3034264,-3.381,-16.723
2020/02/11 19:00,99.2355207,9.321509,-3.636,-16.819
2020/02/11 19:00,99.2537087,9.339609,-6.365,-16.713
2020/02/11 21:00,99.2173345,9.3034079,21.352,-10.302
2020/02/11 21:00,99.2355386,9.3034264,30.486,-14.467
2020/02/11 21:00,99.2173156,9.3214904,21.541,-8.584
2020/02/11 21:00,99.2355207,9.321509,33.114,-14.962
2020/02/11 21:00,99.2537087,9.339609,25.418,-12.193
2020/02/11 22:00,99.2173345,9.3034079,9.719,-4.496
2020/02/11 22:00,99.2355386,9.3034264,11.685,-6.095
2020/02/11 22:00,99.2173156,9.3214904,12.5,-6.161
2020/02/11 22:00,99.2355207,9.321509,10.648,-6.28
2020/02/11 22:00,99.2537087,9.339609,12.473,-7.89
2020/02/11 23:00,99.2355386,9.3034264,13.14,-2.144
2020/02/12 00:00,99.2173345,9.3034079,-16.763,8.762
2020/02/12 00:00,99.2355386,9.3034264,-21.408,10.623
2020/02/12 00:00,99.2173156,9.3214904,-16.437,-7.871
2020/02/12 00:00,99.2355207,9.321509,-33.643,1.666
2020/02/12 00:00,99.2537087,9.339609,-20.933,-12.609
2020/02/12 01:00,99.2173345,9.3034079,-42.21,18.557
2020/02/12 01:00,99.2355386,9.3034264,-51.931,15.701
2020/02/12 01:00,99.2173156,9.3214904,-9.676,10.445
2020/02/12 01:00,99.2355207,9.321509,-42.21,18.557
2020/02/12 01:00,99.2537087,9.339609,-9.676,10.445
2020/02/12 06:00,99.2173345,9.3034079,56.927,-4.88
2020/02/12 06:00,99.2355386,9.3034264,53.911,-0.934
2020/02/12 06:00,99.2173156,9.3214904,58.459,-0.802
2020/02/12 06:00,99.2355207,9.321509,53.194,-4.012
2020/02/12 06:00,99.2537087,9.339609,73.189,-7.396
2020/02/12 09:00,99.2537087,9.339609,19.425,-21.228
2020/02/12 15:00,99.2355386,9.3034264,-10.676,-16.501
2020/02/12 15:00,99.2355207,9.321509,-10.676,-16.501
2020/02/12 15:00,99.2537087,9.339609,-8.944,-15.479
2020/02/12 17:00,99.2173345,9.3034079,3.097,-6.38
2020/02/12 17:00,99.2355386,9.3034264,3.097,-6.38
2020/02/12 18:00,99.2355386,9.3034264,12.663,-7.106
2020/02/12 22:00,99.2173345,9.3034079,1.1,-16.837
2020/02/12 22:00,99.2355386,9.3034264,5.42,-18.036
2020/02/12 22:00,99.2355207,9.321509,4.591,-17.986
2020/02/12 23:00,99.2173345,9.3034079,10.927,-6.967
2020/02/12 23:00,99.2355386,9.3034264,16.24,-9.888
2020/02/12 23:00,99.2355207,9.321509,15.889,-11.795
2020/02/13 00:00,99.2537087,9.339609,-9.624,2.623
2020/02/13 08:00,99.2173345,9.3034079,-33.468,-19.164
2020/02/13 08:00,99.2355386,9.3034264,-51.597,-6.719
2020/02/13 08:00,99.2355207,9.321509,-55.765,-3.472
2020/02/13 11:00,99.2173345,9.3034079,2.217,-13.101
2020/02/13 11:00,99.2355386,9.3034264,5.808,-19.239
2020/02/13 11:00,99.2173156,9.3214904,2.217,-13.101
2020/02/13 11:00,99.2355207,9.321509,2.217,-13.101
2020/02/13 11:00,99.2537087,9.339609,10.228,-19.98
2020/02/13 15:00,99.2537087,9.339609,3.272,-0.774
2020/02/13 16:00,99.2173345,9.3034079,-27.239,2.672
2020/02/13 16:00,99.2355386,9.3034264,-28.002,1.611
2020/02/13 16:00,99.2355207,9.321509,-22.495,3.713
2020/02/13 16:00,99.2537087,9.339609,8.581,0.717
2020/02/13 17:00,99.2173345,9.3034079,8.951,4.577
2020/02/13 17:00,99.2355386,9.3034264,12.172,1.875
2020/02/13 17:00,99.2173156,9.3214904,9.911,9.068
2020/02/13 17:00,99.2355207,9.321509,9.911,9.068
2020/02/13 17:00,99.2537087,9.339609,9.911,9.068
2020/02/13 18:00,99.2173345,9.3034079,22.488,2.771
2020/02/13 18:00,99.2355386,9.3034264,24.757,0.188
2020/02/13 18:00,99.2173156,9.3214904,34.158,8.79
2020/02/13 18:00,99.2355207,9.321509,34.939,3.396
2020/02/13 18:00,99.2537087,9.339609,36.281,9.129
2020/02/13 19:00,99.2173345,9.3034079,21.585,0.581
2020/02/13 19:00,99.2355386,9.3034264,6.744,6.407
2020/02/13 19:00,99.2173156,9.3214904,41.421,-4.091
2020/02/13 19:00,99.2355207,9.321509,22.241,3.519
2020/02/13 19:00,99.2537087,9.339609,46.498,-4.49
2020/02/13 21:00,99.2173345,9.3034079,-44.934,0.948
2020/02/13 21:00,99.2355386,9.3034264,-34.654,-1.361
2020/02/13 21:00,99.2173156,9.3214904,-30.055,3.155
2020/02/13 21:00,99.2355207,9.321509,-34.675,1.407
2020/02/13 21:00,99.2537087,9.339609,-37.977,-1.701
2020/02/13 22:00,99.2173345,9.3034079,6.514,1.958
2020/02/13 22:00,99.2355386,9.3034264,-14.38,-3.792
2020/02/13 22:00,99.2173156,9.3214904,-7.184,-1.292
2020/02/13 22:00,99.2355207,9.321509,-15.804,-5.837
2020/02/13 22:00,99.2537087,9.339609,-6.039,-12.354
2020/02/14 00:00,99.2173345,9.3034079,0.188,-6.326
2020/02/14 00:00,99.2355386,9.3034264,-3.416,-10.704
2020/02/14 00:00,99.2355207,9.321509,-4.67,-12.437
2020/02/14 05:00,99.2173345,9.3034079,17.459,12.03
2020/02/14 05:00,99.2355386,9.3034264,-3.962,4.444
2020/02/14 05:00,99.2173156,9.3214904,-3.962,4.444
2020/02/14 05:00,99.2355207,9.321509,2.187,-2.085
2020/02/14 05:00,99.2537087,9.339609,-42.351,-5.751
2020/02/14 07:00,99.2537087,9.339609,-1.938,-2.95
2020/02/14 08:00,99.2173345,9.3034079,6.975,-4.881
2020/02/14 08:00,99.2355386,9.3034264,6.975,-4.881
2020/02/14 08:00,99.2355207,9.321509,6.975,-4.881
2020/02/14 08:00,99.2537087,9.339609,-2.4,6.612
2020/02/14 21:00,99.2173345,9.3034079,-15.986,9.66
2020/02/14 21:00,99.2355386,9.3034264,-15.827,9.494
2020/02/14 21:00,99.2355207,9.321509,-13.915,9.936
2020/02/15 16:00,99.2537087,9.339609,5.911,4.759
2020/02/15 17:00,99.2537087,9.339609,25.632,4.225
2020/02/15 22:00,99.2537087,9.339609,0.849,-4.253
2020/02/16 00:00,99.2173345,9.3034079,-17.996,-15.476
2020/02/16 00:00,99.2355386,9.3034264,-9.518,-13.312
2020/02/16 00:00,99.2173156,9.3214904,-5.671,-13.134
2020/02/16 00:00,99.2355207,9.321509,-5.671,-13.134
2020/02/16 00:00,99.2537087,9.339609,-2.793,-11.635
2020/02/16 01:00,99.2355386,9.3034264,-15.785,-14.965
2020/02/16 01:00,99.2355207,9.321509,-15.785,-14.965
2020/02/16 01:00,99.2537087,9.339609,-7.867,-15.078
2020/02/16 09:00,99.2537087,9.339609,-4.259,-3.477
2020/02/17 00:00,99.2173345,9.3034079,-13.255,-6.618
2020/02/17 00:00,99.2355386,9.3034264,-12.84,-6.9
2020/02/17 00:00,99.2173156,9.3214904,-13.255,-6.618
2020/02/17 00:00,99.2355207,9.321509,-12.84,-6.9
2020/02/17 00:00,99.2537087,9.339609,-13.255,-6.618
2020/02/17 01:00,99.2173345,9.3034079,-21.914,-5.227
2020/02/17 01:00,99.2355386,9.3034264,-16.112,-9.989
2020/02/17 01:00,99.2173156,9.3214904,-21.914,-5.227
2020/02/17 01:00,99.2355207,9.321509,-18.299,-8.194
2020/02/17 01:00,99.2537087,9.339609,-9.517,-11.412
2020/02/18 08:00,99.2537087,9.339609,33.84,6.075
2020/02/18 12:00,99.2537087,9.339609,10.688,-12.749
2020/02/18 16:00,99.2537087,9.339609,10.141,7.219
2020/02/18 17:00,99.2173345,9.3034079,44.233,-1.847
2020/02/18 17:00,99.2355386,9.3034264,45.729,-1.646
2020/02/18 17:00,99.2355207,9.321509,45.729,-1.646
2020/02/18 18:00,99.2173345,9.3034079,22.145,0.394
2020/02/18 18:00,99.2355386,9.3034264,-9.086,17.17
2020/02/18 18:00,99.2355207,9.321509,20.717,5.061
2020/02/18 19:00,99.2173345,9.3034079,13.773,13.671
2020/02/18 19:00,99.2355386,9.3034264,15.262,12.781
2020/02/18 19:00,99.2173156,9.3214904,13.774,13.791
2020/02/18 19:00,99.2355207,9.321509,17.217,11.455
2020/02/18 19:00,99.2537087,9.339609,12.071,12.073
2020/02/18 20:00,99.2173345,9.3034079,3.611,25.438
2020/02/18 20:00,99.2355386,9.3034264,-1.432,23.989
2020/02/18 20:00,99.2173156,9.3214904,-1.432,23.989
2020/02/18 20:00,99.2355207,9.321509,-1.432,23.989
2020/02/18 20:00,99.2537087,9.339609,14.365,13.307
2020/02/18 21:00,99.2173345,9.3034079,23.024,-5.098
2020/02/18 21:00,99.2355386,9.3034264,23.024,-5.098
2020/02/18 21:00,99.2173156,9.3214904,23.024,-5.098
2020/02/18 21:00,99.2355207,9.321509,23.024,-5.098
2020/02/18 22:00,99.2173345,9.3034079,58.964,-0.748
2020/02/18 22:00,99.2355386,9.3034264,58.964,-0.748
2020/02/18 22:00,99.2355207,9.321509,58.964,-0.748
2020/02/18 22:00,99.2537087,9.339609,71.513,-7.027
2020/02/18 23:00,99.2173345,9.3034079,-16.938,-4.086
2020/02/18 23:00,99.2355386,9.3034264,-14.729,-7.392
2020/02/18 23:00,99.2355207,9.321509,0.055,-1.648
2020/02/18 23:00,99.2537087,9.339609,3.442,-0.994
2020/02/19 00:00,99.2173345,9.3034079,-49.592,-4.411
2020/02/19 00:00,99.2355386,9.3034264,-51.145,-6.574
2020/02/19 00:00,99.2355207,9.321509,-65.667,-7.916
2020/02/19 00:00,99.2537087,9.339609,-22.745,-6.435
2020/02/19 01:00,99.2537087,9.339609,28.833,-8.416
2020/02/19 02:00,99.2173345,9.3034079,-37.661,-13.45
2020/02/19 02:00,99.2355386,9.3034264,-37.661,-13.45
2020/02/19 02:00,99.2173156,9.3214904,-47.08,-7.096
2020/02/19 02:00,99.2355207,9.321509,-37.661,-13.45
2020/02/19 02:00,99.2537087,9.339609,-47.08,-7.096
2020/02/19 10:00,99.2173345,9.3034079,-36.57,22.764
2020/02/19 10:00,99.2355386,9.3034264,-14.517,0.713
2020/02/19 10:00,99.2355207,9.321509,-47.828,14.618
2020/02/19 11:00,99.2173345,9.3034079,29.983,-10.586
2020/02/19 11:00,99.2355386,9.3034264,21.793,-10.51
2020/02/19 11:00,99.2355207,9.321509,23.39,-11.798
2020/02/19 16:00,99.2173345,9.3034079,-31.055,-20.244
2020/02/19 16:00,99.2355386,9.3034264,-31.055,-20.244
2020/02/19 16:00,99.2173156,9.3214904,-31.377,-20.526
2020/02/19 16:00,99.2355207,9.321509,-31.377,-20.526
2020/02/19 16:00,99.2537087,9.339609,-26.88,-23.092
2020/02/19 18:00,99.2355386,9.3034264,22.697,-4.043
2020/02/19 18:00,99.2355207,9.321509,20.563,-3.705
2020/02/19 18:00,99.2537087,9.339609,11.893,0.595
2020/02/19 20:00,99.2173345,9.3034079,11.593,-6.984
2020/02/19 20:00,99.2355386,9.3034264,11.593,-6.984
2020/02/19 20:00,99.2173156,9.3214904,-6.083,-11.065
2020/02/19 20:00,99.2355207,9.321509,11.593,-6.984
2020/02/19 20:00,99.2537087,9.339609,-6.707,-10.952
2020/02/19 23:00,99.2173345,9.3034079,-25.004,11.133
2020/02/19 23:00,99.2355386,9.3034264,-24.037,10.702
2020/02/19 23:00,99.2173156,9.3214904,-25.004,11.133
2020/02/19 23:00,99.2355207,9.321509,-25.004,11.133
2020/02/19 23:00,99.2537087,9.339609,-8.361,6.169
2020/02/20 09:00,99.2173345,9.3034079,-81.977,-14.549
2020/02/20 09:00,99.2355386,9.3034264,-84.012,-15.976
2020/02/20 15:00,99.2537087,9.339609,15.37,-8.87
2020/02/20 17:00,99.2173345,9.3034079,29.789,-3.938
2020/02/20 17:00,99.2355386,9.3034264,25.498,-9.116
2020/02/20 17:00,99.2173156,9.3214904,15.718,-6.509
2020/02/20 17:00,99.2355207,9.321509,26.225,-11.91
2020/02/20 17:00,99.2537087,9.339609,1.563,-12.121
2020/02/20 21:00,99.2173345,9.3034079,14.001,4.141
2020/02/20 21:00,99.2355386,9.3034264,17.243,-0.872
2020/02/20 21:00,99.2173156,9.3214904,14.001,4.141
2020/02/20 21:00,99.2355207,9.321509,17.777,1.201
2020/02/20 21:00,99.2537087,9.339609,13.221,-1.176
2020/02/20 22:00,99.2173345,9.3034079,17.467,-2.836
2020/02/20 22:00,99.2355386,9.3034264,22.322,-2.4
2020/02/20 22:00,99.2173156,9.3214904,21.953,-2.564
2020/02/20 22:00,99.2355207,9.321509,23.999,-3.213
2020/02/20 22:00,99.2537087,9.339609,25.132,-1.688
2020/02/20 23:00,99.2355386,9.3034264,36.434,-2.298
2020/02/21 00:00,99.2173345,9.3034079,-16.227,9.578
2020/02/21 00:00,99.2355386,9.3034264,-3.123,5.179
2020/02/21 00:00,99.2173156,9.3214904,-16.227,9.578
2020/02/21 00:00,99.2355207,9.321509,-14.277,8.964
2020/02/21 00:00,99.2537087,9.339609,-13.712,8.695
2020/02/21 13:00,99.2537087,9.339609,11.085,-20.584
2020/02/21 22:00,99.2537087,9.339609,10.316,1.916
2020/02/22 04:00,99.2173345,9.3034079,82.541,-48.151
2020/02/22 04:00,99.2355386,9.3034264,44.783,-30.804
2020/02/22 04:00,99.2173156,9.3214904,79.61,-51.548
2020/02/22 04:00,99.2355207,9.321509,65.804,-39.585
2020/02/22 04:00,99.2537087,9.339609,27.508,-30.529
2020/02/22 15:00,99.2173345,9.3034079,16.458,-5.548
2020/02/22 15:00,99.2355386,9.3034264,11.873,-3.939
2020/02/22 15:00,99.2355207,9.321509,21.358,-8.709
2020/02/22 16:00,99.2173345,9.3034079,23.237,-4.764
2020/02/22 16:00,99.2355386,9.3034264,25.307,-5.427
2020/02/22 16:00,99.2173156,9.3214904,24.112,-4.117
2020/02/22 16:00,99.2355207,9.321509,25.443,-5.295
2020/02/22 16:00,99.2537087,9.339609,23.165,-6.524
2020/02/22 18:00,99.2537087,9.339609,-0.927,-14.425
2020/02/22 20:00,99.2173345,9.3034079,-58.008,14.354
2020/02/22 20:00,99.2355386,9.3034264,-55.702,12.322
2020/02/22 20:00,99.2173156,9.3214904,-48.381,22.762
2020/02/22 20:00,99.2355207,9.321509,-57.604,8.877
2020/02/22 20:00,99.2537087,9.339609,-29.451,0.311
2020/02/22 21:00,99.2355386,9.3034264,7.323,-4.317
2020/02/22 21:00,99.2537087,9.339609,16.561,-3.503
2020/02/22 22:00,99.2173345,9.3034079,-6.976,-6.88
2020/02/22 22:00,99.2355386,9.3034264,-11.048,-8.158
2020/02/22 22:00,99.2173156,9.3214904,-8.116,-7.284
2020/02/22 22:00,99.2355207,9.321509,-7.296,-7.876
2020/02/22 22:00,99.2537087,9.339609,-9.179,-8.078
2020/02/22 23:00,99.2173345,9.3034079,-2.319,-1.749
2020/02/22 23:00,99.2355386,9.3034264,-2.627,-0.456
2020/02/22 23:00,99.2355207,9.321509,-0.458,1.281
2020/02/23 02:00,99.2173345,9.3034079,-38.744,13.916
2020/02/23 02:00,99.2355386,9.3034264,-38.744,13.916
2020/02/23 02:00,99.2173156,9.3214904,-38.233,12.392
2020/02/23 02:00,99.2355207,9.321509,-38.233,12.392
2020/02/23 02:00,99.2537087,9.339609,-25.428,5.307
2020/02/23 15:00,99.2173345,9.3034079,45.609,3.738
2020/02/23 15:00,99.2355386,9.3034264,45.609,3.738
2020/02/23 15:00,99.2173156,9.3214904,45.609,3.738
2020/02/23 15:00,99.2355207,9.321509,45.609,3.738
2020/02/23 20:00,99.2173345,9.3034079,12.128,-4.595
2020/02/23 20:00,99.2355386,9.3034264,13.319,-5.125
2020/02/23 20:00,99.2173156,9.3214904,12.128,-4.595
2020/02/23 20:00,99.2355207,9.321509,12.128,-4.595
2020/02/23 20:00,99.2537087,9.339609,9.036,-3.673
2020/02/23 21:00,99.2355386,9.3034264,88.134,8.726
2020/02/23 21:00,99.2355207,9.321509,88.134,8.726
2020/02/23 21:00,99.2537087,9.339609,56.122,5.327
2020/02/23 22:00,99.2537087,9.339609,-3.11,6.476
2020/02/23 23:00,99.2355386,9.3034264,-5.139,-1.186
2020/02/23 23:00,99.2537087,9.339609,-16.662,2.781
2020/02/24 01:00,99.2355386,9.3034264,40.707,2.607
2020/02/24 01:00,99.2355207,9.321509,40.707,2.607
2020/02/24 01:00,99.2537087,9.339609,40.707,2.607
2020/02/24 05:00,99.2537087,9.339609,-5.982,-3.867
2020/02/24 09:00,99.2537087,9.339609,2.715,-8.778
2020/02/24 15:00,99.2173345,9.3034079,-4.375,-4.553
2020/02/24 15:00,99.2355386,9.3034264,-5.141,-4.568
2020/02/24 15:00,99.2173156,9.3214904,1.187,-7.564
2020/02/24 15:00,99.2355207,9.321509,-4.155,-5.477
2020/02/24 15:00,99.2537087,9.339609,8.758,-12.524
2020/02/24 16:00,99.2173345,9.3034079,-0.508,-4.462
2020/02/24 16:00,99.2355386,9.3034264,8.692,-9.115
2020/02/24 16:00,99.2173156,9.3214904,4.626,-3.691
2020/02/24 16:00,99.2355207,9.321509,9.128,-8.466
2020/02/24 16:00,99.2537087,9.339609,14.736,-10.465
2020/02/24 17:00,99.2173345,9.3034079,17.103,-3.08
2020/02/24 17:00,99.2355386,9.3034264,24.378,-10.097
2020/02/24 17:00,99.2173156,9.3214904,14.695,-2.375
2020/02/24 17:00,99.2355207,9.321509,24.156,-9.932
2020/02/24 17:00,99.2537087,9.339609,30.875,-13.296
2020/02/24 18:00,99.2537087,9.339609,-30.538,-13.48
2020/02/24 19:00,99.2173345,9.3034079,14.78,-7.186
2020/02/24 19:00,99.2355386,9.3034264,17.485,-10.628
2020/02/24 19:00,99.2173156,9.3214904,16.887,-8.189
2020/02/24 19:00,99.2355207,9.321509,17.485,-10.628
2020/02/24 19:00,99.2537087,9.339609,19.474,-9.974
2020/02/24 20:00,99.2173345,9.3034079,7.049,-5.505
2020/02/24 20:00,99.2355386,9.3034264,5.521,-4.117
2020/02/24 20:00,99.2355207,9.321509,5.497,-4.175
2020/02/24 20:00,99.2537087,9.339609,1.901,-0.967
2020/02/24 21:00,99.2173345,9.3034079,5.334,-5.584
2020/02/24 21:00,99.2355386,9.3034264,5.334,-5.584
2020/02/24 21:00,99.2355207,9.321509,5.334,-5.584
2020/02/24 21:00,99.2537087,9.339609,-3.402,-2.334
2020/02/24 22:00,99.2173345,9.3034079,9.751,-5.07
2020/02/24 22:00,99.2355386,9.3034264,-9.397,-10.22
2020/02/24 22:00,99.2173156,9.3214904,10.211,-5.228
2020/02/24 22:00,99.2355207,9.321509,-9.397,-10.22
2020/02/24 22:00,99.2537087,9.339609,-8.221,-10.572
2020/02/24 23:00,99.2355386,9.3034264,-19.501,-15.823
2020/02/24 23:00,99.2537087,9.339609,-20.081,-7.876
2020/02/25 00:00,99.2173345,9.3034079,-16.256,31.719
2020/02/25 00:00,99.2355386,9.3034264,-6.458,15.17
2020/02/25 00:00,99.2355207,9.321509,-6.458,15.17
2020/02/25 00:00,99.2537087,9.339609,36.183,-7.255
2020/02/25 12:00,99.2537087,9.339609,-7.422,-18.325
2020/02/25 15:00,99.2537087,9.339609,1.417,-14.023
2020/02/25 16:00,99.2173345,9.3034079,12.614,-11.392
2020/02/25 16:00,99.2355386,9.3034264,12.614,-11.392
2020/02/25 16:00,99.2173156,9.3214904,20.016,-12.898
2020/02/25 16:00,99.2355207,9.321509,12.21,-10.518
2020/02/25 16:00,99.2537087,9.339609,10.99,-6.289
2020/02/25 17:00,99.2173345,9.3034079,17.111,-10.004
2020/02/25 17:00,99.2355386,9.3034264,15.121,-9.116
2020/02/25 17:00,99.2355207,9.321509,18.485,-10.872
2020/02/25 18:00,99.2173345,9.3034079,22.359,-12.181
2020/02/25 18:00,99.2355386,9.3034264,22.657,-12.41
2020/02/25 18:00,99.2173156,9.3214904,22.118,-11.917
2020/02/25 18:00,99.2355207,9.321509,22.457,-12.066
2020/02/25 18:00,99.2537087,9.339609,6.737,-6.529
2020/02/25 19:00,99.2173345,9.3034079,-44.733,2.992
2020/02/25 19:00,99.2355386,9.3034264,-38.769,-3.161
2020/02/25 19:00,99.2355207,9.321509,-39.437,-3.262
2020/02/25 19:00,99.2537087,9.339609,-11.522,-10.063
2020/02/25 20:00,99.2173345,9.3034079,2.624,-12.41
2020/02/25 20:00,99.2355386,9.3034264,-12.876,-7.766
2020/02/25 20:00,99.2173156,9.3214904,4.139,-12.986
2020/02/25 20:00,99.2355207,9.321509,2.399,-12.939
2020/02/25 20:00,99.2537087,9.339609,4.097,-15.415
2020/02/25 21:00,99.2173345,9.3034079,-20.871,-5.421
2020/02/25 21:00,99.2355386,9.3034264,-30.454,-4.241
2020/02/25 21:00,99.2173156,9.3214904,-0.035,-11.878
2020/02/25 21:00,99.2355207,9.321509,-21.593,-6.169
2020/02/25 21:00,99.2537087,9.339609,-6.361,-12.51
2020/02/25 22:00,99.2355386,9.3034264,3.889,-9.438
2020/02/25 23:00,99.2355386,9.3034264,-18.293,-6.184
2020/02/26 00:00,99.2355386,9.3034264,-38.469,-0.775
2020/02/26 00:00,99.2173156,9.3214904,-38.889,2.343
2020/02/26 00:00,99.2355207,9.321509,-38.889,2.343
2020/02/26 00:00,99.2537087,9.339609,-34.396,0.713
2020/02/26 08:00,99.2173345,9.3034079,12.993,-12.094
2020/02/26 08:00,99.2355386,9.3034264,10.39,-12.296
2020/02/26 08:00,99.2173156,9.3214904,9.58,-12.753
2020/02/26 08:00,99.2355207,9.321509,9.58,-12.753
2020/02/26 08:00,99.2537087,9.339609,9.58,-12.753
2020/02/26 17:00,99.2173345,9.3034079,11.165,-3.71
2020/02/26 17:00,99.2355386,9.3034264,15.163,-6.089
2020/02/26 17:00,99.2355207,9.321509,14.748,-6.341
2020/02/26 20:00,99.2173345,9.3034079,0.497,0.091
2020/02/26 20:00,99.2355386,9.3034264,11.632,-7.641
2020/02/26 20:00,99.2173156,9.3214904,0.854,2.041
2020/02/26 20:00,99.2355207,9.321509,11.054,-5.595
2020/02/26 20:00,99.2537087,9.339609,15.937,-6.41
2020/02/26 22:00,99.2173345,9.3034079,9.913,-18.039
2020/02/26 22:00,99.2355386,9.3034264,12.402,-21.458
2020/02/26 22:00,99.2355207,9.321509,12.163,-21.318
2020/02/26 23:00,99.2173345,9.3034079,9.991,-13.279
2020/02/26 23:00,99.2355386,9.3034264,9.316,-18.424
2020/02/26 23:00,99.2355207,9.321509,10.753,-19.361
2020/02/27 04:00,99.2537087,9.339609,-22.448,20.441
2020/02/27 19:00,99.2173345,9.3034079,20.147,-1.501
2020/02/27 19:00,99.2355386,9.3034264,20.663,-2.126
2020/02/27 19:00,99.2173156,9.3214904,21.993,2.787
2020/02/27 19:00,99.2355207,9.321509,21.993,2.787
2020/02/27 19:00,99.2537087,9.339609,33.882,-5.845
2020/02/28 08:00,99.2537087,9.339609,-3.035,-11.555
2020/02/28 11:00,99.2173345,9.3034079,-7.093,-22.085
2020/02/28 11:00,99.2355386,9.3034264,-2.129,-21.513
2020/02/28 11:00,99.2173156,9.3214904,-2.384,-19.591
2020/02/28 11:00,99.2355207,9.321509,-2.384,-19.591
2020/02/28 11:00,99.2537087,9.339609,2.364,-19.347
2020/02/28 13:00,99.2537087,9.339609,-2.763,-14.74
2020/02/28 17:00,99.2173345,9.3034079,19.457,0.058
2020/02/28 17:00,99.2355386,9.3034264,28.685,-6.231
2020/02/28 17:00,99.2173156,9.3214904,8.5,7.497
2020/02/28 17:00,99.2355207,9.321509,27.696,-3.732
2020/02/28 17:00,99.2537087,9.339609,26.857,-3.806
2020/02/28 20:00,99.2537087,9.339609,-19.711,-7.499
2020/02/28 21:00,99.2173345,9.3034079,-33.68,-2.855
2020/02/28 21:00,99.2355386,9.3034264,-25.902,-8.836
2020/02/28 21:00,99.2355207,9.321509,-24.416,-7.87
2020/02/28 23:00,99.2173345,9.3034079,-17.092,-5.805
2020/02/28 23:00,99.2355386,9.3034264,-11.6,-10.062
2020/02/28 23:00,99.2173156,9.3214904,-18.489,-4.917
2020/02/28 23:00,99.2355207,9.321509,-12.818,-9.04
2020/02/28 23:00,99.2537087,9.339609,-13.172,-10.558
2020/01/01 00:00,99.2537087,9.339609,36.282,0.307
2020/01/01 00:00,99.2537087,9.339609,36.282,0.307
2020/01/01 16:00,99.2173345,9.3034079,34.777,-12.046
2020/01/01 16:00,99.2355386,9.3034264,38.978,-9.701
2020/01/01 16:00,99.2173156,9.3214904,38.978,-9.701
2020/01/01 16:00,99.2355207,9.321509,38.978,-9.701
2020/01/01 16:00,99.2537087,9.339609,26.835,-1.211
2020/01/01 17:00,99.2173345,9.3034079,18.973,5.134
2020/01/01 17:00,99.2355386,9.3034264,18.506,3.549
2020/01/01 17:00,99.2173156,9.3214904,18.973,5.134
2020/01/01 17:00,99.2355207,9.321509,16.038,2.292
2020/01/01 17:00,99.2537087,9.339609,15.466,2.035
2020/01/01 19:00,99.2173345,9.3034079,9.798,3.469
2020/01/01 19:00,99.2355386,9.3034264,9.983,-1.636
2020/01/01 19:00,99.2173156,9.3214904,-14.404,-2.118
2020/01/01 19:00,99.2355207,9.321509,-9.858,-1.53
2020/01/01 19:00,99.2537087,9.339609,-5.025,-7.901
2020/01/01 20:00,99.2355386,9.3034264,-70.412,0.649
2020/01/01 20:00,99.2355207,9.321509,-54.729,4.27
2020/01/01 20:00,99.2537087,9.339609,-61.169,-2.024
2020/01/01 23:00,99.2355386,9.3034264,-23.871,-3.119
2020/01/01 23:00,99.2355207,9.321509,-18.116,-8.037
2020/01/01 23:00,99.2537087,9.339609,-13.397,-10.267
2020/01/02 21:00,99.2355386,9.3034264,-14.361,2.722
2020/01/03 15:00,99.2537087,9.339609,17.256,-14.318
2020/01/03 16:00,99.2173345,9.3034079,-42.587,-7.267
2020/01/03 16:00,99.2355386,9.3034264,-28.138,-4.559
2020/01/03 16:00,99.2173156,9.3214904,-30.688,-4.52
2020/01/03 16:00,99.2355207,9.321509,-28.138,-4.559
2020/01/03 16:00,99.2537087,9.339609,-27.516,-4.428
2020/01/03 19:00,99.2173345,9.3034079,-3.94,0.725
2020/01/03 19:00,99.2355386,9.3034264,-3.271,1.031
2020/01/03 19:00,99.2173156,9.3214904,-10.983,-0.574
2020/01/03 19:00,99.2355207,9.321509,-5.186,2.235
2020/01/03 19:00,99.2537087,9.339609,2.096,-2.214
2020/01/03 20:00,99.2173345,9.3034079,0.716,2.127
2020/01/03 20:00,99.2355386,9.3034264,0.001,-0.588
2020/01/03 20:00,99.2355207,9.321509,0.716,2.127
2020/01/03 20:00,99.2537087,9.339609,-0.446,-5.889
2020/01/03 21:00,99.2173345,9.3034079,15.405,-3.688
2020/01/03 21:00,99.2355386,9.3034264,13.09,-6.573
2020/01/03 21:00,99.2355207,9.321509,2.876,-6.951
2020/01/03 22:00,99.2173345,9.3034079,-13.695,-1.947
2020/01/03 22:00,99.2355386,9.3034264,-9.45,-3.756
2020/01/03 22:00,99.2173156,9.3214904,-10.109,-3.897
2020/01/03 22:00,99.2355207,9.321509,-12.46,-2.299
2020/01/03 22:00,99.2537087,9.339609,-1.519,-7.621
2020/01/03 23:00,99.2173345,9.3034079,-11.822,-0.881
2020/01/03 23:00,99.2355386,9.3034264,-11.238,-1.322
2020/01/03 23:00,99.2355207,9.321509,-11.622,-1.864
2020/01/04 00:00,99.2355386,9.3034264,5.627,-6.4
2020/01/04 00:00,99.2537087,9.339609,0.948,-1.318
2020/01/04 01:00,99.2173345,9.3034079,2.151,-5.134
2020/01/04 01:00,99.2355386,9.3034264,7.285,-6.252
2020/01/04 01:00,99.2173156,9.3214904,6.292,-4.622
2020/01/04 01:00,99.2355207,9.321509,6.292,-4.622
2020/01/04 01:00,99.2537087,9.339609,12.023,-5.231
2020/01/04 15:00,99.2173345,9.3034079,10.131,-1.958
2020/01/04 15:00,99.2355386,9.3034264,7.895,-3.89
2020/01/04 15:00,99.2173156,9.3214904,10.131,-1.958
2020/01/04 15:00,99.2355207,9.321509,10.914,-6.644
2020/01/04 15:00,99.2537087,9.339609,-14.787,-1.099
2020/01/04 16:00,99.2537087,9.339609,24.725,1.318
2020/01/04 17:00,99.2355386,9.3034264,-13.729,9.659
2020/01/04 17:00,99.2537087,9.339609,-18.508,-4.742
2020/01/05 18:00,99.2355386,9.3034264,12.278,0.783
2020/01/05 18:00,99.2355207,9.321509,14.597,1.709
2020/01/05 18:00,99.2537087,9.339609,5.184,-2.99
2020/01/05 19:00,99.2537087,9.339609,-10.892,-9.522
2020/01/05 20:00,99.2355386,9.3034264,18.719,-2.27
2020/01/05 20:00,99.2537087,9.339609,-0.142,0.943
2020/01/07 18:00,99.2173345,9.3034079,9.299,6.28
2020/01/07 18:00,99.2355386,9.3034264,3.597,2.161
2020/01/07 18:00,99.2355207,9.321509,3.788,2.022
2020/01/07 20:00,99.2173345,9.3034079,-5.417,5.331
2020/01/07 20:00,99.2355386,9.3034264,-6.141,4.068
2020/01/07 20:00,99.2173156,9.3214904,-6.744,4.549
2020/01/07 20:00,99.2355207,9.321509,-6.292,4.192
2020/01/07 20:00,99.2537087,9.339609,-4.785,3.6
2020/01/08 16:00,99.2355386,9.3034264,-16.532,5.014
2020/01/08 16:00,99.2537087,9.339609,-23.249,5.392
2020/01/08 19:00,99.2355386,9.3034264,12.85,-5.588
2020/01/08 20:00,99.2173345,9.3034079,18.971,-5.374
2020/01/08 20:00,99.2355386,9.3034264,15.085,-2.31
2020/01/08 20:00,99.2355207,9.321509,24.587,-0.893
2020/01/08 21:00,99.2355386,9.3034264,8.456,6.685
2020/01/08 22:00,99.2173345,9.3034079,12.472,9.54
2020/01/08 22:00,99.2355386,9.3034264,12.112,9.87
2020/01/08 22:00,99.2173156,9.3214904,12.978,9.998
2020/01/08 22:00,99.2355207,9.321509,11.147,10.8
2020/01/08 22:00,99.2537087,9.339609,14.062,4.94
2020/01/09 18:00,99.2355386,9.3034264,24.548,-1.484
2020/01/09 18:00,99.2537087,9.339609,-3.532,-3.734
2020/01/09 19:00,99.2173345,9.3034079,27.032,-7.496
2020/01/09 19:00,99.2355386,9.3034264,25.836,-3.789
2020/01/09 19:00,99.2173156,9.3214904,27.032,-7.496
2020/01/09 19:00,99.2355207,9.321509,25.078,-3.592
2020/01/09 19:00,99.2537087,9.339609,19.327,-3.902
2020/01/13 13:00,99.2355386,9.3034264,2.631,-9.077
2020/01/13 14:00,99.2537087,9.339609,-4.213,1.408
2020/01/13 15:00,99.2355386,9.3034264,9.882,-0.746
2020/01/13 16:00,99.2537087,9.339609,40.658,2.086
2020/01/13 17:00,99.2537087,9.339609,15.409,4.314
2020/01/13 18:00,99.2173345,9.3034079,48.97,-3.098
2020/01/13 18:00,99.2355386,9.3034264,47.874,0.118
2020/01/13 18:00,99.2173156,9.3214904,48.97,-3.098
2020/01/13 18:00,99.2355207,9.321509,46.038,-0.736
2020/01/13 18:00,99.2537087,9.339609,36.348,1.928
2020/01/13 19:00,99.2537087,9.339609,17.088,4.409
2020/01/13 20:00,99.2173345,9.3034079,53.192,-10.027
2020/01/13 20:00,99.2355386,9.3034264,48.211,-6.572
2020/01/13 20:00,99.2173156,9.3214904,51.301,-10.713
2020/01/13 20:00,99.2355207,9.321509,44.196,-5.568
2020/01/13 20:00,99.2537087,9.339609,18.259,1.149
2020/01/13 21:00,99.2173345,9.3034079,47.707,-8.609
2020/01/13 21:00,99.2355386,9.3034264,42.962,-6.8
2020/01/13 21:00,99.2173156,9.3214904,29.993,-9.195
2020/01/13 21:00,99.2355207,9.321509,39.988,-7.342
2020/01/13 21:00,99.2537087,9.339609,20.019,-2.587
2020/01/13 22:00,99.2173345,9.3034079,27.175,-3.863
2020/01/13 22:00,99.2355386,9.3034264,23.202,-1.335
2020/01/13 22:00,99.2355207,9.321509,23.93,-2.871
2020/01/13 23:00,99.2355386,9.3034264,47.127,-3.609
2020/01/13 23:00,99.2355207,9.321509,45.228,-3.938
2020/01/13 23:00,99.2537087,9.339609,25.013,-0.903
2020/01/14 00:00,99.2173345,9.3034079,39.437,0.577
2020/01/14 00:00,99.2355386,9.3034264,24.773,-0.282
2020/01/14 00:00,99.2173156,9.3214904,29.75,-3.274
2020/01/14 00:00,99.2355207,9.321509,24.882,-0.021
2020/01/14 00:00,99.2537087,9.339609,20.694,-2.477
2020/01/14 05:00,99.2537087,9.339609,2.93,6.972
2020/01/14 06:00,99.2537087,9.339609,20.158,-4.878
2020/01/14 07:00,99.2355386,9.3034264,27.11,-9.783
2020/01/14 07:00,99.2537087,9.339609,37.024,-5.704
2020/01/14 08:00,99.2355386,9.3034264,74.043,-20.133
2020/01/14 09:00,99.2537087,9.339609,2.955,-11.104
2020/01/14 15:00,99.2173345,9.3034079,50.92,-17.926
2020/01/14 15:00,99.2355386,9.3034264,46.878,-6.966
2020/01/14 15:00,99.2173156,9.3214904,41.991,-23.363
2020/01/14 15:00,99.2355207,9.321509,47.459,-6.462
2020/01/14 15:00,99.2537087,9.339609,81.003,-3.277
2020/01/14 17:00,99.2173345,9.3034079,61.645,-12.042
2020/01/14 17:00,99.2355386,9.3034264,53.074,-6.236
2020/01/14 17:00,99.2355207,9.321509,56.687,-13.983
2020/01/14 17:00,99.2537087,9.339609,66.568,0.133
2020/01/14 18:00,99.2173345,9.3034079,72.065,-8.721
2020/01/14 18:00,99.2355386,9.3034264,71.466,-7.534
2020/01/14 18:00,99.2173156,9.3214904,73.475,-9.376
2020/01/14 18:00,99.2355207,9.321509,73.0,-7.584
2020/01/14 18:00,99.2537087,9.339609,71.644,-8.341
2020/01/14 19:00,99.2355386,9.3034264,51.514,-5.346
2020/01/14 20:00,99.2173345,9.3034079,47.755,-9.754
2020/01/14 20:00,99.2355386,9.3034264,62.434,-6.451
2020/01/14 20:00,99.2173156,9.3214904,49.417,-10.326
2020/01/14 20:00,99.2355207,9.321509,51.367,-7.796
2020/01/14 20:00,99.2537087,9.339609,40.049,-6.025
2020/01/14 21:00,99.2355386,9.3034264,9.683,0.641
2020/01/15 15:00,99.2173345,9.3034079,14.364,-6.345
2020/01/15 15:00,99.2355386,9.3034264,10.08,-1.438
2020/01/15 15:00,99.2355207,9.321509,10.614,-1.395
2020/01/15 15:00,99.2537087,9.339609,16.357,2.185
2020/01/15 16:00,99.2173345,9.3034079,6.829,3.845
2020/01/15 16:00,99.2355386,9.3034264,3.94,3.809
2020/01/15 16:00,99.2173156,9.3214904,5.023,3.127
2020/01/15 16:00,99.2355207,9.321509,3.873,3.622
2020/01/15 16:00,99.2537087,9.339609,8.569,2.661
2020/01/15 17:00,99.2355386,9.3034264,11.288,8.19
2020/01/15 17:00,99.2355207,9.321509,-7.287,3.902
2020/01/15 19:00,99.2173345,9.3034079,38.597,0.591
2020/01/15 19:00,99.2355386,9.3034264,33.565,0.193
2020/01/15 19:00,99.2173156,9.3214904,31.401,-1.264
2020/01/15 19:00,99.2355207,9.321509,32.632,-1.188
2020/01/15 19:00,99.2537087,9.339609,26.153,-0.176
2020/01/15 20:00,99.2173345,9.3034079,44.861,-9.304
2020/01/15 20:00,99.2355386,9.3034264,44.718,-9.58
2020/01/15 20:00,99.2173156,9.3214904,43.546,-11.842
2020/01/15 20:00,99.2355207,9.321509,41.974,-9.732
2020/01/15 20:00,99.2537087,9.339609,29.656,-4.104
2020/01/15 21:00,99.2173345,9.3034079,7.506,-2.58
2020/01/15 21:00,99.2355386,9.3034264,7.506,-2.58
2020/01/15 21:00,99.2173156,9.3214904,22.25,-7.86
2020/01/15 21:00,99.2355207,9.321509,7.506,-2.58
2020/01/15 21:00,99.2537087,9.339609,11.882,-5.318
2020/01/16 16:00,99.2173345,9.3034079,36.926,-10.795
2020/01/16 16:00,99.2355386,9.3034264,33.926,-2.627
2020/01/16 16:00,99.2173156,9.3214904,36.926,-10.795
2020/01/16 16:00,99.2355207,9.321509,36.137,-3.959
2020/01/16 16:00,99.2537087,9.339609,47.264,-4.072
2020/01/16 17:00,99.2173345,9.3034079,46.296,-1.387
2020/01/16 17:00,99.2355386,9.3034264,44.776,1.374
2020/01/16 17:00,99.2173156,9.3214904,46.296,-1.387
2020/01/16 17:00,99.2355207,9.321509,44.473,0.16
2020/01/16 17:00,99.2537087,9.339609,35.421,3.243
2020/01/16 18:00,99.2355386,9.3034264,33.414,4.713
2020/01/16 18:00,99.2173156,9.3214904,27.631,2.153
2020/01/16 18:00,99.2355207,9.321509,31.745,3.395
2020/01/16 18:00,99.2537087,9.339609,22.024,1.871
2020/01/16 19:00,99.2355386,9.3034264,19.404,5.412
2020/01/16 19:00,99.2355207,9.321509,21.151,5.714
2020/01/16 19:00,99.2537087,9.339609,14.531,1.962
2020/01/17 14:00,99.2355386,9.3034264,14.518,2.359
2020/01/17 14:00,99.2355207,9.321509,14.805,2.474
2020/01/17 14:00,99.2537087,9.339609,9.787,4.846
2020/01/17 15:00,99.2537087,9.339609,53.688,14.339
2020/01/17 16:00,99.2173345,9.3034079,-3.963,5.876
2020/01/17 16:00,99.2355386,9.3034264,-3.963,5.876
2020/01/17 16:00,99.2173156,9.3214904,-3.422,6.001
2020/01/17 16:00,99.2355207,9.321509,-3.422,6.001
2020/01/17 16:00,99.2537087,9.339609,25.391,12.653
2020/01/17 17:00,99.2173345,9.3034079,-14.933,2.967
2020/01/17 17:00,99.2355386,9.3034264,-17.458,2.384
2020/01/17 17:00,99.2173156,9.3214904,-14.933,2.967
2020/01/17 17:00,99.2355207,9.321509,-17.831,3.454
2020/01/17 17:00,99.2537087,9.339609,-13.446,4.84
2020/01/17 19:00,99.2355386,9.3034264,-5.575,12.032
2020/01/17 19:00,99.2355207,9.321509,-6.051,11.615
2020/01/17 19:00,99.2537087,9.339609,-3.841,9.488
2020/01/18 18:00,99.2173345,9.3034079,18.611,3.299
2020/01/18 18:00,99.2355386,9.3034264,22.859,2.98
2020/01/18 18:00,99.2173156,9.3214904,9.516,8.059
2020/01/18 18:00,99.2355207,9.321509,19.967,4.54
2020/01/18 18:00,99.2537087,9.339609,27.663,-0.155
2020/01/18 19:00,99.2173345,9.3034079,34.503,-1.489
2020/01/18 19:00,99.2355386,9.3034264,34.376,1.006
2020/01/18 19:00,99.2173156,9.3214904,34.503,-1.489
2020/01/18 19:00,99.2355207,9.321509,33.342,1.898
2020/01/18 19:00,99.2537087,9.339609,32.365,3.984
2020/01/18 21:00,99.2173345,9.3034079,15.567,7.078
2020/01/18 21:00,99.2355386,9.3034264,14.29,9.386
2020/01/18 21:00,99.2173156,9.3214904,15.925,7.269
2020/01/18 21:00,99.2355207,9.321509,13.503,9.143
2020/01/18 21:00,99.2537087,9.339609,26.36,1.293
2020/01/18 22:00,99.2173345,9.3034079,26.99,0.193
2020/01/18 22:00,99.2355386,9.3034264,25.249,-0.963
2020/01/18 22:00,99.2537087,9.339609,5.873,1.183
2020/01/18 23:00,99.2173345,9.3034079,33.928,-10.238
2020/01/18 23:00,99.2355386,9.3034264,33.205,-10.031
2020/01/18 23:00,99.2173156,9.3214904,33.934,-11.467
2020/01/18 23:00,99.2355207,9.321509,33.934,-11.467
2020/01/18 23:00,99.2537087,9.339609,27.444,-9.912
2020/01/19 00:00,99.2173345,9.3034079,17.517,-3.331
2020/01/19 00:00,99.2355386,9.3034264,27.924,-10.808
2020/01/19 00:00,99.2355207,9.321509,23.484,-8.889
2020/01/19 19:00,99.2173345,9.3034079,-5.621,19.576
2020/01/19 19:00,99.2355386,9.3034264,-0.729,14.822
2020/01/19 19:00,99.2173156,9.3214904,-6.88,22.207
2020/01/19 19:00,99.2355207,9.321509,1.098,15.184
2020/01/19 19:00,99.2537087,9.339609,2.192,12.708
2020/01/19 20:00,99.2173345,9.3034079,-12.748,9.134
2020/01/19 20:00,99.2355386,9.3034264,-12.996,8.983
2020/01/19 20:00,99.2173156,9.3214904,-12.748,9.134
2020/01/19 20:00,99.2355207,9.321509,-12.996,8.983
2020/01/19 20:00,99.2537087,9.339609,-11.111,9.502
2020/01/19 22:00,99.2173345,9.3034079,24.35,4.363
2020/01/19 22:00,99.2355386,9.3034264,19.126,3.788
2020/01/19 22:00,99.2173156,9.3214904,31.343,-1.598
2020/01/19 22:00,99.2355207,9.321509,18.586,3.149
2020/01/19 22:00,99.2537087,9.339609,21.974,3.582
2020/01/19 23:00,99.2173345,9.3034079,5.242,7.057
2020/01/19 23:00,99.2355386,9.3034264,7.642,3.619
2020/01/19 23:00,99.2173156,9.3214904,-0.593,6.425
2020/01/19 23:00,99.2355207,9.321509,0.767,4.884
2020/01/19 23:00,99.2537087,9.339609,1.495,4.64
2020/01/20 00:00,99.2537087,9.339609,15.782,-4.685
2020/01/20 17:00,99.2355386,9.3034264,27.621,-3.275
2020/01/21 09:00,99.2355386,9.3034264,3.352,-21.291
2020/01/21 20:00,99.2173345,9.3034079,-5.908,-3.325
2020/01/21 20:00,99.2355386,9.3034264,-19.732,7.709
2020/01/21 20:00,99.2355207,9.321509,-2.269,2.04
2020/01/22 00:00,99.2173345,9.3034079,-14.013,25.809
2020/01/22 00:00,99.2355386,9.3034264,-8.064,17.8
2020/01/22 00:00,99.2173156,9.3214904,-22.66,27.604
2020/01/22 00:00,99.2355207,9.321509,-11.388,17.836
2020/01/22 00:00,99.2537087,9.339609,-14.264,17.403
2020/01/22 22:00,99.2173345,9.3034079,-19.191,10.415
2020/01/22 22:00,99.2355386,9.3034264,-14.69,9.634
2020/01/22 22:00,99.2355207,9.321509,-6.613,6.011
2020/01/23 00:00,99.2355386,9.3034264,-21.558,20.684
2020/01/23 15:00,99.2355386,9.3034264,-15.129,-9.674
2020/01/23 15:00,99.2537087,9.339609,3.728,-10.872
2020/01/23 18:00,99.2537087,9.339609,-30.203,-7.87
2020/01/23 19:00,99.2355386,9.3034264,-12.726,6.351
2020/01/23 20:00,99.2355386,9.3034264,-21.167,5.87
2020/01/23 20:00,99.2537087,9.339609,-12.236,-5.755
2020/01/23 23:00,99.2537087,9.339609,5.887,6.848
2020/01/24 15:00,99.2355386,9.3034264,-34.43,-12.778
2020/01/24 15:00,99.2355207,9.321509,-34.43,-12.778
2020/01/24 15:00,99.2537087,9.339609,-34.43,-12.778
2020/01/24 17:00,99.2173345,9.3034079,27.313,-12.238
2020/01/24 17:00,99.2355386,9.3034264,24.978,-10.9
2020/01/24 17:00,99.2173156,9.3214904,27.607,-11.834
2020/01/24 17:00,99.2355207,9.321509,25.929,-10.824
2020/01/24 17:00,99.2537087,9.339609,26.854,-10.721
2020/01/24 18:00,99.2173345,9.3034079,4.094,-6.802
2020/01/24 18:00,99.2355386,9.3034264,9.099,-9.215
2020/01/24 18:00,99.2173156,9.3214904,6.244,-6.832
2020/01/24 18:00,99.2355207,9.321509,7.047,-7.363
2020/01/24 18:00,99.2537087,9.339609,11.347,-9.734
2020/01/24 19:00,99.2173345,9.3034079,6.271,-6.751
2020/01/24 19:00,99.2355386,9.3034264,8.224,-7.963
2020/01/24 19:00,99.2173156,9.3214904,7.415,-6.661
2020/01/24 19:00,99.2355207,9.321509,7.652,-7.638
2020/01/24 19:00,99.2537087,9.339609,8.977,-7.679
2020/01/24 20:00,99.2173345,9.3034079,2.155,3.227
2020/01/24 20:00,99.2355386,9.3034264,3.148,2.49
2020/01/24 20:00,99.2355207,9.321509,7.917,-0.286
2020/01/24 20:00,99.2537087,9.339609,23.652,-5.882
2020/01/24 21:00,99.2355386,9.3034264,25.24,-4.648
2020/01/25 02:00,99.2355386,9.3034264,40.143,21.518
2020/01/25 02:00,99.2355207,9.321509,58.122,20.261
2020/01/25 04:00,99.2537087,9.339609,47.292,-0.579
2020/01/25 05:00,99.2173345,9.3034079,-36.265,12.088
2020/01/25 05:00,99.2355386,9.3034264,-39.074,11.582
2020/01/25 05:00,99.2173156,9.3214904,-30.412,10.752
2020/01/25 05:00,99.2355207,9.321509,-36.005,13.454
2020/01/25 05:00,99.2537087,9.339609,-4.274,-1.051
2020/01/25 08:00,99.2355386,9.3034264,23.107,-26.131
2020/01/26 00:00,99.2355386,9.3034264,8.743,3.154
2020/01/27 22:00,99.2173345,9.3034079,-5.59,-15.028
2020/01/27 22:00,99.2355386,9.3034264,17.805,-14.42
2020/01/27 22:00,99.2173156,9.3214904,17.362,-11.356
2020/01/27 22:00,99.2355207,9.321509,17.362,-11.356
2020/01/27 22:00,99.2537087,9.339609,21.97,-11.912
2020/01/27 23:00,99.2355386,9.3034264,-40.185,-8.673
2020/01/28 00:00,99.2537087,9.339609,-3.451,11.715
2020/01/29 07:00,99.2355386,9.3034264,97.253,-15.31
2020/01/29 15:00,99.2173345,9.3034079,-22.934,-2.455
2020/01/29 15:00,99.2355386,9.3034264,-24.342,-1.544
2020/01/29 15:00,99.2355207,9.321509,-24.167,-1.697
2020/01/29 16:00,99.2173345,9.3034079,-8.683,1.846
2020/01/29 16:00,99.2355386,9.3034264,-4.468,-0.875
2020/01/29 16:00,99.2355207,9.321509,-4.442,-0.044
2020/01/29 19:00,99.2173345,9.3034079,-14.905,10.982
2020/01/29 19:00,99.2355386,9.3034264,-14.905,10.982
2020/01/29 19:00,99.2355207,9.321509,-14.904,14.038
2020/01/30 04:00,99.2355386,9.3034264,29.211,7.678
2020/01/31 03:00,99.2173345,9.3034079,1.028,0.795
2020/01/31 03:00,99.2355386,9.3034264,1.168,1.464
2020/01/31 03:00,99.2173156,9.3214904,1.028,0.795
2020/01/31 03:00,99.2355207,9.321509,1.168,1.464
2020/01/31 03:00,99.2537087,9.339609,5.922,3.51
2020/01/31 04:00,99.2173345,9.3034079,5.903,5.186
2020/01/31 04:00,99.2355386,9.3034264,7.682,5.72
2020/01/31 04:00,99.2173156,9.3214904,4.061,7.081
2020/01/31 04:00,99.2355207,9.321509,1.193,8.444
2020/01/31 04:00,99.2537087,9.339609,2.723,8.949
2020/01/31 18:00,99.2537087,9.339609,11.483,-5.05
2020/01/31 20:00,99.2173345,9.3034079,30.18,-3.778
2020/01/31 20:00,99.2355386,9.3034264,29.906,-3.519
2020/01/31 20:00,99.2173156,9.3214904,29.775,-5.988
2020/01/31 20:00,99.2355207,9.321509,28.903,-4.998
2020/01/31 20:00,99.2537087,9.339609,25.061,-9.838
2020/07/04 04:00,99.2355386,9.3034264,-3.642,-4.464
2020/07/04 15:00,99.2173345,9.3034079,3.179,-2.435
2020/07/04 15:00,99.2355386,9.3034264,2.849,-3.689
2020/07/04 15:00,99.2173156,9.3214904,3.179,-2.435
2020/07/04 15:00,99.2355207,9.321509,2.849,-3.689
2020/07/04 15:00,99.2537087,9.339609,3.179,-2.435
2020/07/04 17:00,99.2173345,9.3034079,5.609,-6.704
2020/07/04 17:00,99.2355386,9.3034264,-0.504,-10.491
2020/07/04 17:00,99.2355207,9.321509,-0.504,-10.491
2020/07/04 17:00,99.2537087,9.339609,-15.994,-12.177
2020/07/04 19:00,99.2173345,9.3034079,-22.093,-18.411
2020/07/04 19:00,99.2355386,9.3034264,-22.093,-18.411
2020/07/04 19:00,99.2173156,9.3214904,-22.093,-18.411
2020/07/04 19:00,99.2355207,9.321509,-22.093,-18.411
2020/07/04 19:00,99.2537087,9.339609,-13.047,-21.617
2020/07/07 22:00,99.2173345,9.3034079,6.557,-12.667
2020/07/07 22:00,99.2355386,9.3034264,8.865,-14.854
2020/07/07 22:00,99.2173156,9.3214904,6.556,-12.67
2020/07/07 22:00,99.2355207,9.321509,8.865,-14.854
2020/07/07 22:00,99.2537087,9.339609,8.865,-14.854
2020/07/09 05:00,99.2537087,9.339609,-35.34,-16.879
2020/07/09 19:00,99.2537087,9.339609,-18.295,-8.6
2020/07/11 16:00,99.2173345,9.3034079,31.897,7.214
2020/07/11 16:00,99.2355386,9.3034264,35.962,8.831
2020/07/11 16:00,99.2173156,9.3214904,35.047,6.13
2020/07/11 16:00,99.2355207,9.321509,35.962,8.831
2020/07/13 20:00,99.2537087,9.339609,12.469,-8.835
2020/07/18 16:00,99.2355386,9.3034264,4.238,-0.683
2020/07/18 16:00,99.2173156,9.3214904,4.238,-0.683
2020/07/18 16:00,99.2355207,9.321509,4.238,-0.683
2020/07/18 16:00,99.2537087,9.339609,4.238,-0.683
2020/07/21 00:00,99.2355386,9.3034264,65.955,2.603
2020/07/21 00:00,99.2355207,9.321509,65.955,2.603
2020/07/21 00:00,99.2537087,9.339609,59.439,6.532
2020/07/23 04:00,99.2173345,9.3034079,16.626,-7.782
2020/07/23 04:00,99.2355386,9.3034264,16.626,-7.782
2020/07/25 16:00,99.2355386,9.3034264,-16.727,0.374
2020/07/25 23:00,99.2537087,9.339609,33.561,-7.652
2020/07/26 00:00,99.2355386,9.3034264,41.579,-8.968
2020/07/26 00:00,99.2355207,9.321509,41.579,-8.968
2020/07/26 00:00,99.2537087,9.339609,45.489,0.338
2020/07/31 21:00,99.2355386,9.3034264,25.788,-16.989
2020/07/31 21:00,99.2355207,9.321509,25.788,-16.989
2020/07/31 21:00,99.2537087,9.339609,25.788,-16.989
2020/06/03 17:00,99.2537087,9.339609,9.431,-12.218
2020/06/04 05:00,99.2537087,9.339609,4.821,-5.591
2020/06/04 17:00,99.2173345,9.3034079,-22.419,-9.055
2020/06/04 17:00,99.2355386,9.3034264,-34.808,-2.319
2020/06/04 17:00,99.2173156,9.3214904,-18.025,-13.426
2020/06/04 17:00,99.2355207,9.321509,-31.292,-4.854
2020/06/04 17:00,99.2537087,9.339609,-15.337,-8.382
2020/06/07 13:00,99.2173345,9.3034079,-39.692,-5.995
2020/06/07 13:00,99.2355386,9.3034264,-39.692,-5.995
2020/06/07 13:00,99.2355207,9.321509,-39.692,-5.995
2020/06/07 19:00,99.2355386,9.3034264,-57.886,-21.061
2020/06/10 16:00,99.2355386,9.3034264,-35.415,-2.893
2020/06/11 19:00,99.2355386,9.3034264,-5.418,0.411
2020/06/11 19:00,99.2355207,9.321509,-5.418,0.411
2020/06/11 19:00,99.2537087,9.339609,-6.384,-0.099
2020/06/12 22:00,99.2537087,9.339609,-22.214,-15.542
2020/06/14 16:00,99.2537087,9.339609,-44.435,-29.401
2020/06/14 19:00,99.2537087,9.339609,-46.71,-13.887
2020/06/14 20:00,99.2537087,9.339609,-79.227,-17.837
2020/06/18 17:00,99.2355207,9.321509,14.645,-2.203
2020/06/18 17:00,99.2537087,9.339609,26.197,-2.367
2020/06/20 15:00,99.2537087,9.339609,75.754,26.622
2020/06/21 16:00,99.2355386,9.3034264,47.411,7.473
2020/06/21 16:00,99.2173156,9.3214904,47.411,7.473
2020/06/21 16:00,99.2355207,9.321509,47.411,7.473
2020/06/21 16:00,99.2537087,9.339609,45.003,8.122
2020/06/21 22:00,99.2173345,9.3034079,-12.175,-22.885
2020/06/21 22:00,99.2355386,9.3034264,-11.703,-23.003
2020/06/21 22:00,99.2173156,9.3214904,-12.175,-22.885
2020/06/21 22:00,99.2355207,9.321509,-12.175,-22.885
2020/06/21 22:00,99.2537087,9.339609,-12.175,-22.885
2020/06/23 05:00,99.2355386,9.3034264,16.376,-0.595
2020/06/23 05:00,99.2355207,9.321509,16.376,-0.595
2020/06/23 05:00,99.2537087,9.339609,12.507,-4.178
2020/06/23 08:00,99.2537087,9.339609,-53.422,-12.333
2020/06/25 22:00,99.2537087,9.339609,-26.244,-10.889
2020/06/27 16:00,99.2355386,9.3034264,2.356,4.167
2020/06/27 16:00,99.2355207,9.321509,2.356,4.167
2020/06/28 16:00,99.2537087,9.339609,14.969,-3.739
2020/06/29 17:00,99.2537087,9.339609,36.267,-11.701
2020/03/03 17:00,99.2173345,9.3034079,24.179,1.149
2020/03/03 17:00,99.2355386,9.3034264,23.983,2.018
2020/03/03 17:00,99.2355207,9.321509,23.983,2.018
2020/03/03 17:00,99.2537087,9.339609,31.003,0.27
2020/03/03 19:00,99.2173345,9.3034079,41.463,1.815
2020/03/03 19:00,99.2355386,9.3034264,44.485,0.771
2020/03/03 19:00,99.2173156,9.3214904,41.864,2.039
2020/03/03 19:00,99.2355207,9.321509,42.825,0.709
2020/03/03 19:00,99.2537087,9.339609,39.963,1.546
2020/03/03 20:00,99.2173345,9.3034079,15.317,-1.842
2020/03/03 20:00,99.2355386,9.3034264,14.86,1.314
2020/03/03 20:00,99.2173156,9.3214904,15.317,-1.842
2020/03/03 20:00,99.2355207,9.321509,14.86,1.314
2020/03/03 20:00,99.2537087,9.339609,14.86,1.314
2020/03/04 18:00,99.2173345,9.3034079,16.205,9.631
2020/03/04 18:00,99.2355386,9.3034264,24.772,5.967
2020/03/04 18:00,99.2173156,9.3214904,15.152,11.888
2020/03/04 18:00,99.2355207,9.321509,23.913,7.389
2020/03/04 18:00,99.2537087,9.339609,21.446,5.765
2020/03/04 20:00,99.2355386,9.3034264,26.518,5.232
2020/03/04 22:00,99.2355386,9.3034264,20.769,-4.973
2020/03/04 23:00,99.2355386,9.3034264,-9.465,-16.222
2020/03/05 17:00,99.2173345,9.3034079,51.168,-7.318
2020/03/05 17:00,99.2355386,9.3034264,38.446,-3.109
2020/03/05 17:00,99.2173156,9.3214904,50.229,-8.542
2020/03/05 17:00,99.2355207,9.321509,34.86,0.77
2020/03/05 17:00,99.2537087,9.339609,32.336,0.034
2020/03/05 18:00,99.2173345,9.3034079,46.558,-3.842
2020/03/05 18:00,99.2355386,9.3034264,47.349,-6.228
2020/03/05 18:00,99.2173156,9.3214904,58.201,-6.371
2020/03/05 18:00,99.2355207,9.321509,50.248,-2.642
2020/03/05 18:00,99.2537087,9.339609,42.64,-3.65
2020/03/06 02:00,99.2173345,9.3034079,-9.342,-5.025
2020/03/06 02:00,99.2355386,9.3034264,-16.477,-5.994
2020/03/06 02:00,99.2173156,9.3214904,-16.079,-6.737
2020/03/06 02:00,99.2355207,9.321509,-14.747,-8.778
2020/03/06 02:00,99.2537087,9.339609,-14.747,-8.778
2020/03/06 04:00,99.2173345,9.3034079,-0.593,-14.167
2020/03/06 04:00,99.2355386,9.3034264,0.988,-16.229
2020/03/06 04:00,99.2355207,9.321509,-0.62,-14.22
2020/03/06 05:00,99.2173345,9.3034079,-2.933,-15.166
2020/03/06 05:00,99.2355386,9.3034264,-2.933,-15.166
2020/03/06 05:00,99.2355207,9.321509,-2.933,-15.166
2020/03/06 22:00,99.2173345,9.3034079,24.175,1.838
2020/03/06 22:00,99.2355386,9.3034264,29.158,-2.303
2020/03/06 22:00,99.2355207,9.321509,24.053,6.007
2020/03/06 23:00,99.2173345,9.3034079,-30.229,5.335
2020/03/06 23:00,99.2355386,9.3034264,-28.531,3.397
2020/03/06 23:00,99.2355207,9.321509,-28.082,3.96
2020/03/07 00:00,99.2537087,9.339609,3.616,2.752
2020/03/07 01:00,99.2173345,9.3034079,-10.663,0.407
2020/03/07 01:00,99.2355386,9.3034264,-23.644,-2.59
2020/03/07 01:00,99.2355207,9.321509,-23.644,-2.59
2020/03/07 02:00,99.2355386,9.3034264,-37.835,-11.925
2020/03/07 19:00,99.2173345,9.3034079,-27.741,-2.328
2020/03/07 19:00,99.2355386,9.3034264,-27.741,-2.328
2020/03/07 19:00,99.2173156,9.3214904,-27.741,-2.328
2020/03/07 19:00,99.2355207,9.321509,-27.741,-2.328
2020/03/07 19:00,99.2537087,9.339609,-5.014,2.919
2020/03/08 16:00,99.2173345,9.3034079,-26.867,-0.989
2020/03/08 16:00,99.2355386,9.3034264,-21.449,-3.525
2020/03/08 16:00,99.2173156,9.3214904,-26.629,-1.76
2020/03/08 16:00,99.2355207,9.321509,-22.265,-3.993
2020/03/08 16:00,99.2537087,9.339609,-18.55,-5.712
2020/03/08 23:00,99.2173345,9.3034079,40.46,15.832
2020/03/08 23:00,99.2355386,9.3034264,44.846,17.48
2020/03/09 02:00,99.2537087,9.339609,-16.178,-15.608
2020/03/09 22:00,99.2173345,9.3034079,-6.733,-2.132
2020/03/09 22:00,99.2355386,9.3034264,-6.681,-1.587
2020/03/09 22:00,99.2173156,9.3214904,-6.671,-0.381
2020/03/09 22:00,99.2355207,9.321509,-8.152,1.119
2020/03/09 22:00,99.2537087,9.339609,-7.008,2.848
2020/03/09 23:00,99.2173345,9.3034079,-0.523,-0.366
2020/03/09 23:00,99.2355386,9.3034264,-5.368,2.689
2020/03/09 23:00,99.2173156,9.3214904,-0.396,-0.116
2020/03/09 23:00,99.2355207,9.321509,-0.517,0.0
2020/03/09 23:00,99.2537087,9.339609,-3.898,2.803
2020/03/10 00:00,99.2173345,9.3034079,-12.001,6.597
2020/03/10 00:00,99.2355386,9.3034264,-12.001,6.597
2020/03/10 00:00,99.2173156,9.3214904,-11.785,3.777
2020/03/10 00:00,99.2355207,9.321509,-12.001,6.597
2020/03/10 00:00,99.2537087,9.339609,-10.283,6.519
2020/03/10 18:00,99.2173345,9.3034079,-3.638,-1.619
2020/03/10 18:00,99.2355386,9.3034264,-0.544,-2.727
2020/03/10 18:00,99.2173156,9.3214904,-2.504,-0.402
2020/03/10 18:00,99.2355207,9.321509,-0.434,-2.673
2020/03/10 18:00,99.2537087,9.339609,-3.677,0.513
2020/03/10 20:00,99.2173345,9.3034079,-5.487,-8.362
2020/03/10 20:00,99.2355386,9.3034264,-8.557,-8.255
2020/03/10 20:00,99.2355207,9.321509,-6.429,-10.803
2020/03/10 21:00,99.2355386,9.3034264,7.066,-14.598
2020/03/10 23:00,99.2537087,9.339609,-20.48,-1.596
2020/03/11 22:00,99.2173345,9.3034079,-24.62,-5.23
2020/03/11 22:00,99.2355386,9.3034264,-25.865,-5.698
2020/03/11 23:00,99.2537087,9.339609,-20.452,-2.933
2020/03/12 00:00,99.2355386,9.3034264,-12.125,-0.149
2020/03/12 01:00,99.2355386,9.3034264,14.125,3.638
2020/03/12 01:00,99.2355207,9.321509,-5.598,-0.916
2020/03/12 02:00,99.2173345,9.3034079,25.555,-0.611
2020/03/12 02:00,99.2355386,9.3034264,25.555,-0.611
2020/03/12 02:00,99.2173156,9.3214904,25.555,-0.611
2020/03/12 02:00,99.2355207,9.321509,25.555,-0.611
2020/03/12 02:00,99.2537087,9.339609,15.913,-4.026
2020/03/12 20:00,99.2173345,9.3034079,-24.191,-2.633
2020/03/12 20:00,99.2355386,9.3034264,-10.9,-8.723
2020/03/12 20:00,99.2173156,9.3214904,-27.526,2.052
2020/03/12 20:00,99.2355207,9.321509,-7.096,-9.479
2020/03/12 20:00,99.2537087,9.339609,-3.095,-12.936
2020/03/13 00:00,99.2173345,9.3034079,-15.433,2.101
2020/03/13 00:00,99.2355386,9.3034264,-8.153,-2.055
2020/03/13 00:00,99.2173156,9.3214904,-13.79,0.392
2020/03/13 00:00,99.2355207,9.321509,-11.771,-0.852
2020/03/13 00:00,99.2537087,9.339609,-10.765,-0.47
2020/03/13 21:00,99.2173345,9.3034079,-2.824,-18.058
2020/03/13 21:00,99.2355386,9.3034264,-2.824,-18.058
2020/03/13 21:00,99.2173156,9.3214904,-1.46,-14.015
2020/03/13 21:00,99.2355207,9.321509,-1.307,-16.011
2020/03/13 21:00,99.2537087,9.339609,2.844,-12.172
2020/03/14 16:00,99.2173345,9.3034079,21.232,2.941
2020/03/14 16:00,99.2355386,9.3034264,31.42,4.545
2020/03/14 16:00,99.2355207,9.321509,31.42,4.545
2020/03/15 00:00,99.2173345,9.3034079,-15.568,-11.593
2020/03/15 00:00,99.2355386,9.3034264,-15.568,-11.593
2020/03/15 00:00,99.2355207,9.321509,-8.669,-6.756
2020/03/15 15:00,99.2173345,9.3034079,-8.254,-4.765
2020/03/15 15:00,99.2355386,9.3034264,4.561,-2.127
2020/03/15 15:00,99.2173156,9.3214904,12.172,-1.121
2020/03/15 15:00,99.2355207,9.321509,5.261,-0.544
2020/03/15 15:00,99.2537087,9.339609,12.172,-1.121
2020/03/15 18:00,99.2173345,9.3034079,12.784,9.684
2020/03/15 18:00,99.2355386,9.3034264,12.803,9.072
2020/03/15 18:00,99.2355207,9.321509,13.763,8.332
2020/03/16 00:00,99.2173345,9.3034079,-13.313,-22.412
2020/03/16 00:00,99.2355386,9.3034264,-8.425,-26.186
2020/03/16 00:00,99.2173156,9.3214904,-13.806,-20.785
2020/03/16 00:00,99.2355207,9.321509,-8.425,-26.186
2020/03/16 00:00,99.2537087,9.339609,-13.361,-23.649
2020/03/16 02:00,99.2173345,9.3034079,-14.804,-16.075
2020/03/16 02:00,99.2355386,9.3034264,-14.804,-16.075
2020/03/16 02:00,99.2173156,9.3214904,-14.804,-16.075
2020/03/16 02:00,99.2355207,9.321509,-14.804,-16.075
2020/03/16 02:00,99.2537087,9.339609,-14.804,-16.075
2020/03/16 04:00,99.2537087,9.339609,-18.677,-14.746
2020/03/16 08:00,99.2355386,9.3034264,-5.412,-22.276
2020/03/16 14:00,99.2173345,9.3034079,-62.716,21.794
2020/03/16 14:00,99.2355386,9.3034264,-55.285,22.713
2020/03/16 14:00,99.2173156,9.3214904,-55.285,22.713
2020/03/16 14:00,99.2355207,9.321509,-55.285,22.713
2020/03/16 14:00,99.2537087,9.339609,-47.307,23.7
2020/03/16 17:00,99.2173345,9.3034079,-14.437,6.373
2020/03/16 17:00,99.2355386,9.3034264,-14.344,5.762
2020/03/16 17:00,99.2173156,9.3214904,-14.437,6.373
2020/03/16 17:00,99.2355207,9.321509,-14.344,5.762
2020/03/16 17:00,99.2537087,9.339609,-14.344,5.762
2020/03/16 18:00,99.2173345,9.3034079,8.912,9.53
2020/03/16 18:00,99.2355386,9.3034264,-5.273,8.456
2020/03/16 18:00,99.2173156,9.3214904,8.912,9.53
2020/03/16 18:00,99.2355207,9.321509,1.617,6.628
2020/03/16 18:00,99.2537087,9.339609,-8.447,2.163
2020/03/16 19:00,99.2173345,9.3034079,16.268,-0.338
2020/03/16 19:00,99.2355386,9.3034264,16.042,-0.205
2020/03/16 19:00,99.2355207,9.321509,16.219,0.31
2020/03/16 20:00,99.2355386,9.3034264,37.79,-8.173
2020/03/16 21:00,99.2173345,9.3034079,14.562,-9.922
2020/03/16 21:00,99.2355386,9.3034264,-1.689,-8.867
2020/03/16 21:00,99.2173156,9.3214904,8.445,-12.051
2020/03/16 21:00,99.2355207,9.321509,9.057,-12.668
2020/03/16 21:00,99.2537087,9.339609,10.699,-13.501
2020/03/17 00:00,99.2173345,9.3034079,-9.953,-9.581
2020/03/17 00:00,99.2355386,9.3034264,1.941,-20.26
2020/03/17 00:00,99.2355207,9.321509,-0.955,-18.251
2020/03/17 02:00,99.2173345,9.3034079,-18.597,-20.971
2020/03/17 02:00,99.2355386,9.3034264,-16.487,-24.048
2020/03/17 02:00,99.2173156,9.3214904,-18.595,-16.232
2020/03/17 02:00,99.2355207,9.321509,-15.188,-22.773
2020/03/17 02:00,99.2537087,9.339609,-21.028,-20.602
2020/03/17 03:00,99.2173345,9.3034079,-25.351,-17.174
2020/03/17 03:00,99.2355386,9.3034264,-25.351,-17.174
2020/03/17 03:00,99.2173156,9.3214904,-20.321,-18.428
2020/03/17 03:00,99.2355207,9.321509,-25.351,-17.174
2020/03/17 03:00,99.2537087,9.339609,-16.841,-19.059
2020/03/17 11:00,99.2173156,9.3214904,-95.354,12.721
2020/03/17 11:00,99.2355207,9.321509,-97.707,10.371
2020/03/17 19:00,99.2355386,9.3034264,34.583,4.566
2020/03/19 05:00,99.2355386,9.3034264,-7.41,-20.358
2020/03/19 11:00,99.2173345,9.3034079,4.993,-22.469
2020/03/19 11:00,99.2355386,9.3034264,5.901,-21.205
2020/03/19 11:00,99.2173156,9.3214904,4.421,-22.677
2020/03/19 11:00,99.2355207,9.321509,5.901,-21.205
2020/03/19 11:00,99.2537087,9.339609,13.064,-20.681
2020/03/19 16:00,99.2173345,9.3034079,7.607,-1.233
2020/03/19 16:00,99.2355386,9.3034264,9.925,-4.597
2020/03/19 16:00,99.2355207,9.321509,11.006,-3.972
2020/03/19 20:00,99.2537087,9.339609,28.205,-1.918
2020/03/20 19:00,99.2537087,9.339609,6.968,-0.408
2020/03/20 21:00,99.2537087,9.339609,4.63,-4.742
2020/03/20 22:00,99.2537087,9.339609,8.592,-5.177
2020/03/21 03:00,99.2537087,9.339609,-30.227,-7.899
2020/03/21 18:00,99.2355386,9.3034264,26.729,-8.92
2020/03/22 00:00,99.2173345,9.3034079,-10.828,8.827
2020/03/22 00:00,99.2355386,9.3034264,-13.497,5.232
2020/03/22 00:00,99.2355207,9.321509,-14.764,3.524
2020/03/23 00:00,99.2355386,9.3034264,-20.409,8.115
2020/03/23 15:00,99.2537087,9.339609,5.495,4.841
2020/03/24 20:00,99.2355386,9.3034264,2.198,-18.359
2020/03/24 20:00,99.2537087,9.339609,-0.751,-15.165
2020/03/24 21:00,99.2173345,9.3034079,-26.815,-13.72
2020/03/24 21:00,99.2355386,9.3034264,-15.992,-12.259
2020/03/24 21:00,99.2173156,9.3214904,-15.698,-10.385
2020/03/24 21:00,99.2355207,9.321509,-15.992,-12.259
2020/03/24 21:00,99.2537087,9.339609,-7.997,-14.676
2020/03/24 22:00,99.2173345,9.3034079,-35.229,-5.166
2020/03/24 22:00,99.2355386,9.3034264,-34.685,-5.931
2020/03/24 22:00,99.2355207,9.321509,-31.908,-6.284
2020/03/24 23:00,99.2537087,9.339609,-3.443,-2.821
2020/03/25 17:00,99.2537087,9.339609,10.48,-9.738
2020/03/25 19:00,99.2173345,9.3034079,-5.178,-15.768
2020/03/25 19:00,99.2355386,9.3034264,1.43,-19.746
2020/03/25 19:00,99.2355207,9.321509,1.43,-19.746
2020/03/25 19:00,99.2537087,9.339609,0.155,-21.103
2020/03/25 22:00,99.2173345,9.3034079,-8.302,-14.852
2020/03/25 22:00,99.2355386,9.3034264,-8.302,-14.852
2020/03/25 22:00,99.2173156,9.3214904,-8.365,-10.763
2020/03/25 22:00,99.2355207,9.321509,-8.367,-14.912
2020/03/25 22:00,99.2537087,9.339609,-4.735,-14.741
2020/03/26 11:00,99.2173345,9.3034079,-67.515,6.603
2020/03/26 11:00,99.2355386,9.3034264,-67.515,6.603
2020/03/27 09:00,99.2537087,9.339609,-73.843,2.452
2020/03/29 22:00,99.2173345,9.3034079,-17.523,-24.492
2020/03/29 22:00,99.2355386,9.3034264,-16.142,-25.279
2020/03/29 22:00,99.2355207,9.321509,-18.731,-23.82
2020/03/30 05:00,99.2173345,9.3034079,22.091,-0.015
2020/03/30 05:00,99.2355386,9.3034264,22.386,0.396
2020/03/30 05:00,99.2173156,9.3214904,20.815,-0.478
2020/03/30 05:00,99.2355207,9.321509,21.868,0.26
2020/03/30 05:00,99.2537087,9.339609,20.815,-0.478
2020/03/30 17:00,99.2537087,9.339609,16.041,11.693
2020/03/30 19:00,99.2537087,9.339609,32.455,4.754
2020/03/31 19:00,99.2355386,9.3034264,37.264,13.107
2020/03/31 20:00,99.2355386,9.3034264,-10.679,3.405
2020/05/02 19:00,99.2173345,9.3034079,36.772,-11.332
2020/05/02 19:00,99.2355386,9.3034264,36.31,-11.468
2020/05/02 19:00,99.2173156,9.3214904,38.035,-13.473
2020/05/02 19:00,99.2355207,9.321509,38.035,-13.473
2020/05/02 19:00,99.2537087,9.339609,12.18,2.257
2020/05/08 20:00,99.2537087,9.339609,-44.412,-30.048
2020/05/09 16:00,99.2173345,9.3034079,42.721,2.647
2020/05/09 16:00,99.2355386,9.3034264,42.721,2.647
2020/05/09 16:00,99.2173156,9.3214904,42.721,2.647
2020/05/09 16:00,99.2355207,9.321509,42.721,2.647
2020/05/09 16:00,99.2537087,9.339609,27.194,12.057
2020/05/09 22:00,99.2173345,9.3034079,7.45,-19.095
2020/05/09 22:00,99.2355386,9.3034264,7.45,-19.095
2020/05/09 22:00,99.2173156,9.3214904,7.45,-19.095
2020/05/09 22:00,99.2355207,9.321509,7.45,-19.095
2020/05/09 22:00,99.2537087,9.339609,10.556,-20.927
2020/05/10 17:00,99.2537087,9.339609,44.732,4.125
2020/05/10 18:00,99.2537087,9.339609,16.913,-10.736
2020/05/12 19:00,99.2537087,9.339609,-10.166,6.177
2020/05/12 21:00,99.2173345,9.3034079,8.077,-10.532
2020/05/12 21:00,99.2355386,9.3034264,-2.655,-8.62
2020/05/12 21:00,99.2173156,9.3214904,3.667,-12.85
2020/05/12 21:00,99.2355207,9.321509,-3.797,-8.984
2020/05/12 21:00,99.2537087,9.339609,-10.481,-6.807
2020/05/14 19:00,99.2537087,9.339609,8.708,7.45
2020/05/14 20:00,99.2173345,9.3034079,23.572,-0.643
2020/05/14 20:00,99.2355386,9.3034264,22.186,-1.725
2020/05/14 20:00,99.2173156,9.3214904,22.5,-2.767
2020/05/14 20:00,99.2355207,9.321509,22.5,-2.767
2020/05/14 20:00,99.2537087,9.339609,21.237,-3.343
2020/05/14 21:00,99.2173345,9.3034079,13.814,-1.649
2020/05/14 21:00,99.2355386,9.3034264,19.318,-3.459
2020/05/14 21:00,99.2173156,9.3214904,15.631,-0.099
2020/05/14 21:00,99.2355207,9.321509,16.031,-0.704
2020/05/14 21:00,99.2537087,9.339609,15.631,-0.099
2020/05/14 23:00,99.2537087,9.339609,9.658,-11.359
2020/05/15 00:00,99.2173345,9.3034079,1.907,-17.945
2020/05/15 00:00,99.2355386,9.3034264,1.907,-17.945
2020/05/15 00:00,99.2173156,9.3214904,1.907,-17.945
2020/05/15 00:00,99.2355207,9.321509,1.907,-17.945
2020/05/15 00:00,99.2537087,9.339609,3.983,-22.27
2020/05/15 15:00,99.2537087,9.339609,10.257,4.947
2020/05/15 20:00,99.2173345,9.3034079,17.577,-7.467
2020/05/15 20:00,99.2355386,9.3034264,16.835,-6.622
2020/05/15 20:00,99.2173156,9.3214904,17.577,-7.467
2020/05/15 20:00,99.2355207,9.321509,16.68,-6.445
2020/05/15 20:00,99.2537087,9.339609,10.583,-3.86
2020/05/17 21:00,99.2173345,9.3034079,-4.045,-7.192
2020/05/17 21:00,99.2355386,9.3034264,-4.583,-5.884
2020/05/17 21:00,99.2173156,9.3214904,-5.007,-4.89
2020/05/17 21:00,99.2355207,9.321509,-5.007,-4.89
2020/05/17 21:00,99.2537087,9.339609,-9.4,-2.537
2020/05/19 19:00,99.2355207,9.321509,10.724,-8.845
2020/05/19 19:00,99.2537087,9.339609,-1.793,-11.977
2020/05/19 21:00,99.2173345,9.3034079,-6.262,-17.598
2020/05/19 21:00,99.2355386,9.3034264,-6.262,-17.598
2020/05/19 21:00,99.2173156,9.3214904,-6.262,-17.598
2020/05/19 21:00,99.2355207,9.321509,-6.262,-17.598
2020/05/19 21:00,99.2537087,9.339609,-5.571,-16.32
2020/05/20 00:00,99.2537087,9.339609,43.642,11.241
2020/05/24 15:00,99.2537087,9.339609,-8.636,3.38
2020/05/24 22:00,99.2173345,9.3034079,-23.364,-12.123
2020/05/24 22:00,99.2355386,9.3034264,-23.364,-12.123
2020/05/24 22:00,99.2173156,9.3214904,-23.528,-12.223
2020/05/24 22:00,99.2355207,9.321509,-23.528,-12.223
2020/05/24 22:00,99.2537087,9.339609,0.703,-3.989
2020/05/26 21:00,99.2355207,9.321509,25.604,-4.503
2020/05/26 21:00,99.2537087,9.339609,31.086,-11.359
2020/05/27 06:00,99.2355386,9.3034264,60.051,4.203
2020/05/27 06:00,99.2355207,9.321509,60.051,4.203
2020/05/27 18:00,99.2173345,9.3034079,-1.938,1.9
2020/05/27 18:00,99.2355386,9.3034264,-1.938,1.9
2020/05/27 18:00,99.2173156,9.3214904,-1.938,1.9
2020/05/27 18:00,99.2355207,9.321509,-1.938,1.9
2020/05/27 18:00,99.2537087,9.339609,-11.148,1.15
2020/05/27 22:00,99.2173345,9.3034079,-19.086,-25.236
2020/05/27 22:00,99.2355386,9.3034264,-21.585,-23.851
2020/05/27 22:00,99.2173156,9.3214904,-25.623,-21.613
2020/05/27 22:00,99.2355207,9.321509,-19.086,-25.236
2020/05/27 22:00,99.2537087,9.339609,-25.623,-21.613
2020/05/31 19:00,99.2173345,9.3034079,-8.163,-3.546
2020/05/31 19:00,99.2355386,9.3034264,-2.097,-0.161
2020/05/31 19:00,99.2355207,9.321509,-2.097,-0.161
2020/11/02 17:00,99.2537087,9.339609,-14.005,-0.972
2020/11/03 16:00,99.2355386,9.3034264,-6.528,12.733
2020/11/03 17:00,99.2355386,9.3034264,1.783,15.046
2020/11/03 17:00,99.2537087,9.339609,27.16,6.995
2020/11/03 18:00,99.2537087,9.339609,-22.511,7.761
2020/11/03 20:00,99.2537087,9.339609,-44.214,14.646
2020/11/04 17:00,99.2537087,9.339609,12.293,-3.661
2020/11/05 23:00,99.2537087,9.339609,-59.762,-8.294
2020/11/07 19:00,99.2173345,9.3034079,-31.911,4.708
2020/11/07 19:00,99.2355386,9.3034264,-41.992,10.389
2020/11/07 19:00,99.2355207,9.321509,-31.911,4.708
2020/11/08 17:00,99.2355386,9.3034264,-28.447,2.866
2020/11/08 17:00,99.2355207,9.321509,-21.66,1.791
2020/11/08 17:00,99.2537087,9.339609,-33.136,-0.858
2020/11/08 18:00,99.2537087,9.339609,31.957,12.998
2020/11/11 03:00,99.2537087,9.339609,11.929,-16.91
2020/11/14 17:00,99.2173345,9.3034079,-33.861,7.949
2020/11/14 17:00,99.2355386,9.3034264,-33.774,11.768
2020/11/14 17:00,99.2173156,9.3214904,-29.0,7.751
2020/11/14 17:00,99.2355207,9.321509,-29.688,10.261
2020/11/14 17:00,99.2537087,9.339609,-13.804,5.675
2020/11/14 18:00,99.2173345,9.3034079,-30.293,5.349
2020/11/14 18:00,99.2355386,9.3034264,-32.666,2.785
2020/11/14 18:00,99.2173156,9.3214904,-27.54,0.679
2020/11/14 18:00,99.2355207,9.321509,-31.251,-1.029
2020/11/14 18:00,99.2537087,9.339609,-34.401,1.265
2020/11/14 20:00,99.2355386,9.3034264,37.627,-8.972
2020/11/14 23:00,99.2537087,9.339609,43.394,-6.093
2020/11/15 21:00,99.2355386,9.3034264,-9.152,8.905
2020/11/15 21:00,99.2173156,9.3214904,-3.902,7.097
2020/11/15 21:00,99.2355207,9.321509,-9.152,8.905
2020/11/15 21:00,99.2537087,9.339609,-3.902,7.097
2020/11/16 16:00,99.2355386,9.3034264,-11.394,5.148
2020/11/16 16:00,99.2537087,9.339609,59.453,-17.963
2020/11/16 22:00,99.2537087,9.339609,-17.492,19.358
2020/11/17 16:00,99.2173345,9.3034079,-7.548,1.427
2020/11/17 16:00,99.2355386,9.3034264,-2.5,6.102
2020/11/17 16:00,99.2355207,9.321509,38.964,12.165
2020/11/17 16:00,99.2537087,9.339609,38.964,12.165
2020/11/17 21:00,99.2537087,9.339609,-12.214,2.195
2020/11/17 22:00,99.2537087,9.339609,-5.869,4.162
2020/11/21 17:00,99.2355386,9.3034264,12.331,-6.662
2020/11/25 22:00,99.2173345,9.3034079,15.813,2.135
2020/11/25 22:00,99.2355386,9.3034264,17.375,2.702
2020/11/25 22:00,99.2355207,9.321509,8.962,-0.349
2020/11/25 22:00,99.2537087,9.339609,8.425,7.94
2020/11/26 19:00,99.2173345,9.3034079,5.812,2.22
2020/11/26 19:00,99.2355386,9.3034264,2.618,5.855
2020/11/26 19:00,99.2173156,9.3214904,9.081,3.058
2020/11/26 19:00,99.2355207,9.321509,9.081,3.058
2020/11/26 19:00,99.2537087,9.339609,7.829,-2.905
2020/11/27 17:00,99.2355386,9.3034264,6.796,8.303
2020/11/27 19:00,99.2355386,9.3034264,0.186,21.324
2020/11/27 19:00,99.2355207,9.321509,0.186,21.324
2020/11/27 19:00,99.2537087,9.339609,0.186,21.324
2020/11/27 21:00,99.2173345,9.3034079,19.657,10.122
2020/11/27 21:00,99.2355386,9.3034264,19.657,10.122
2020/11/27 21:00,99.2173156,9.3214904,19.657,10.122
2020/11/27 21:00,99.2355207,9.321509,19.657,10.122
2020/11/27 21:00,99.2537087,9.339609,19.657,10.122
2020/11/27 22:00,99.2173345,9.3034079,-2.411,6.386
2020/11/27 22:00,99.2355386,9.3034264,-2.411,6.386
2020/11/27 22:00,99.2173156,9.3214904,4.956,3.106
2020/11/27 22:00,99.2355207,9.321509,-2.411,6.386
2020/11/27 23:00,99.2173345,9.3034079,21.981,9.289
2020/11/27 23:00,99.2355386,9.3034264,22.694,9.941
2020/11/27 23:00,99.2173156,9.3214904,23.29,9.753
2020/11/27 23:00,99.2355207,9.321509,23.557,10.271
2020/11/27 23:00,99.2537087,9.339609,24.29,10.362
2020/11/28 06:00,99.2355386,9.3034264,9.005,8.87
2020/11/28 06:00,99.2173156,9.3214904,9.005,8.87
2020/11/28 06:00,99.2355207,9.321509,9.005,8.87
2020/11/28 06:00,99.2537087,9.339609,23.796,3.78
2020/11/28 17:00,99.2355386,9.3034264,-49.66,8.61
2020/11/28 17:00,99.2537087,9.339609,-33.332,6.024
2020/11/28 23:00,99.2173345,9.3034079,-18.197,7.043
2020/11/28 23:00,99.2355386,9.3034264,-17.354,10.193
2020/11/28 23:00,99.2173156,9.3214904,-18.197,7.043
2020/11/28 23:00,99.2355207,9.321509,-18.197,7.043
2020/11/28 23:00,99.2537087,9.339609,-18.65,8.185
2020/11/29 21:00,99.2173345,9.3034079,-16.062,-5.586
2020/11/29 21:00,99.2355386,9.3034264,-16.215,-5.357
2020/11/29 21:00,99.2355207,9.321509,-18.863,-5.736
2020/11/29 21:00,99.2537087,9.339609,-8.71,-2.124
2020/11/30 17:00,99.2537087,9.339609,-62.04,-2.702
2020/11/30 20:00,99.2173345,9.3034079,5.726,3.804
2020/11/30 20:00,99.2355386,9.3034264,5.726,3.804
2020/11/30 20:00,99.2355207,9.321509,9.802,5.459
2020/11/30 20:00,99.2537087,9.339609,-23.843,23.223
2020/10/01 07:00,99.2355386,9.3034264,-24.599,-7.498
2020/10/01 07:00,99.2173156,9.3214904,-22.978,-6.512
2020/10/01 07:00,99.2355207,9.321509,-24.105,-5.795
2020/10/01 07:00,99.2537087,9.339609,-24.105,-5.795
2020/10/05 22:00,99.2173345,9.3034079,-3.684,-9.153
2020/10/05 22:00,99.2355386,9.3034264,-3.684,-9.153
2020/10/05 22:00,99.2355207,9.321509,-3.684,-9.153
2020/10/09 05:00,99.2355386,9.3034264,-71.239,-12.878
2020/10/09 05:00,99.2173156,9.3214904,-73.85,-22.634
2020/10/09 05:00,99.2355207,9.321509,-73.85,-22.634
2020/10/09 05:00,99.2537087,9.339609,-73.85,-22.634
2020/10/10 20:00,99.2537087,9.339609,-19.396,-17.513
2020/10/16 03:00,99.2355386,9.3034264,13.986,6.851
2020/10/16 03:00,99.2173156,9.3214904,13.986,6.851
2020/10/16 03:00,99.2355207,9.321509,13.986,6.851
2020/10/16 03:00,99.2537087,9.339609,13.986,6.851
2020/10/17 07:00,99.2355386,9.3034264,-7.76,-18.823
2020/10/17 18:00,99.2355386,9.3034264,-11.426,-7.014
2020/10/20 20:00,99.2537087,9.339609,-3.03,5.666
2020/10/24 14:00,99.2173345,9.3034079,-9.128,1.366
2020/10/24 14:00,99.2355386,9.3034264,-9.128,1.366
2020/10/24 14:00,99.2173156,9.3214904,-9.128,1.366
2020/10/24 14:00,99.2355207,9.321509,-9.128,1.366
2020/10/24 14:00,99.2537087,9.339609,-5.675,-0.604
2020/10/24 16:00,99.2173345,9.3034079,-36.054,-7.068
2020/10/24 16:00,99.2355386,9.3034264,-36.054,-7.068
2020/10/24 16:00,99.2173156,9.3214904,-33.562,-2.465
2020/10/24 16:00,99.2355207,9.321509,-36.054,-7.068
2020/10/24 16:00,99.2537087,9.339609,-34.338,7.208
2020/10/30 20:00,99.2355386,9.3034264,-17.536,-6.009
2020/10/30 20:00,99.2537087,9.339609,32.516,4.424
2020/09/01 06:00,99.2537087,9.339609,-16.969,-4.742
2020/09/02 17:00,99.2173345,9.3034079,-0.792,0.603
2020/09/02 17:00,99.2355386,9.3034264,-0.792,0.603
2020/09/02 17:00,99.2173156,9.3214904,-0.792,0.603
2020/09/02 17:00,99.2355207,9.321509,-0.792,0.603
2020/09/02 17:00,99.2537087,9.339609,-1.091,1.654
2020/09/05 16:00,99.2537087,9.339609,-0.549,0.593
2020/09/05 17:00,99.2537087,9.339609,-7.049,3.829
2020/09/12 05:00,99.2355207,9.321509,44.983,8.649
2020/09/12 05:00,99.2537087,9.339609,44.983,8.649
2020/09/12 22:00,99.2537087,9.339609,13.622,-11.498
2020/09/13 02:00,99.2537087,9.339609,-60.653,-17.66
2020/09/13 03:00,99.2173345,9.3034079,-44.751,-7.767
2020/09/13 03:00,99.2355386,9.3034264,-47.483,-9.54
2020/09/13 03:00,99.2173156,9.3214904,-44.751,-7.767
2020/09/13 03:00,99.2355207,9.321509,-47.483,-9.54
2020/09/13 03:00,99.2537087,9.339609,-11.214,-5.852
2020/09/13 04:00,99.2173345,9.3034079,-33.697,1.127
2020/09/13 04:00,99.2355386,9.3034264,-33.697,1.127
2020/09/13 04:00,99.2355207,9.321509,-33.697,1.127
2020/09/14 08:00,99.2355386,9.3034264,-34.32,1.737
2020/09/15 01:00,99.2173345,9.3034079,36.073,-4.955
2020/09/15 01:00,99.2355386,9.3034264,38.358,-3.354
2020/09/15 01:00,99.2355207,9.321509,49.428,-1.872
2020/09/15 12:00,99.2537087,9.339609,6.201,15.504
2020/09/15 21:00,99.2537087,9.339609,49.77,1.603
2020/09/16 08:00,99.2173345,9.3034079,5.555,-8.95
2020/09/16 08:00,99.2355386,9.3034264,5.555,-8.95
2020/09/16 08:00,99.2355207,9.321509,23.888,-5.956
2020/09/18 08:00,99.2537087,9.339609,-36.673,-14.391
2020/09/19 06:00,99.2537087,9.339609,-45.898,-15.749
2020/09/19 15:00,99.2537087,9.339609,81.451,-10.861
2020/09/20 16:00,99.2537087,9.339609,-16.207,-0.782
2020/09/20 17:00,99.2537087,9.339609,-14.781,3.392
2020/09/27 04:00,99.2355386,9.3034264,-59.398,-12.505
2020/09/27 04:00,99.2355207,9.321509,-59.398,-12.505
2020/09/27 04:00,99.2537087,9.339609,-59.398,-12.505
